"","no","date","tank","block","trt","order","sync","species","mass_mg","doy","timetoemerge"
"1",1,2019-05-07,3,1,"early_low","early","low","hyla",148.9,127,22
"2",2,2019-05-07,3,1,"early_low","early","low","hyla",143.1,127,22
"3",3,2019-05-07,3,1,"early_low","early","low","hyla",NA,127,22
"4",4,2019-05-07,5,1,"same_med","same","med","hyla",155.7,127,22
"5",5,2019-05-07,12,2,"same_low","same","low","hyla",142.2,127,22
"6",6,2019-05-07,20,2,"cont_med","cont","med","hyla",186.8,127,22
"7",7,2019-05-07,25,3,"same_low","same","low","hyla",158.1,127,22
"8",8,2019-05-07,25,3,"same_low","same","low","hyla",183.5,127,22
"9",9,2019-05-07,29,3,"early_low","early","low","hyla",208.4,127,22
"10",10,2019-05-07,29,3,"early_low","early","low","hyla",199.3,127,22
"11",11,2019-05-07,29,3,"early_low","early","low","hyla",252.2,127,22
"12",12,2019-05-07,29,3,"early_low","early","low","hyla",234.4,127,22
"13",13,2019-05-07,29,3,"early_low","early","low","hyla",215.7,127,22
"14",14,2019-05-07,30,3,"cont_low","cont","low","hyla",309,127,22
"15",15,2019-05-07,32,4,"same_low","same","low","hyla",235.2,127,22
"16",16,2019-05-07,32,4,"same_low","same","low","hyla",183.1,127,22
"17",17,2019-05-07,32,4,"same_low","same","low","hyla",279.2,127,22
"18",18,2019-05-07,33,4,"early_low","early","low","hyla",184.4,127,22
"19",19,2019-05-07,33,4,"early_low","early","low","hyla",179.5,127,22
"20",20,2019-05-07,33,4,"early_low","early","low","hyla",141.6,127,22
"21",21,2019-05-07,33,4,"early_low","early","low","hyla",195.7,127,22
"22",22,2019-05-07,38,4,"early_med","early","med","hyla",188.7,127,22
"23",23,2019-05-07,42,5,"early_low","early","low","hyla",217.6,127,22
"24",24,2019-05-07,42,5,"early_low","early","low","hyla",257.4,127,22
"25",25,2019-05-07,42,5,"early_low","early","low","hyla",217.1,127,22
"26",26,2019-05-07,42,5,"early_low","early","low","hyla",191.2,127,22
"27",27,2019-05-07,42,5,"early_low","early","low","hyla",199.6,127,22
"28",28,2019-05-07,47,5,"same_low","same","low","hyla",157.6,127,22
"29",29,2019-05-07,55,6,"early_low","early","low","hyla",198.5,127,22
"30",30,2019-05-07,55,6,"early_low","early","low","hyla",203.6,127,22
"31",31,2019-05-07,55,6,"early_low","early","low","hyla",180.7,127,22
"32",32,2019-05-07,55,6,"early_low","early","low","hyla",205.8,127,22
"33",33,2019-05-07,55,6,"early_low","early","low","hyla",179.1,127,22
"34",34,2019-05-07,57,6,"same_low","same","low","hyla",197.5,127,22
"35",35,2019-05-08,2,1,"early_med","early","med","hyla",143.8,128,23
"36",36,2019-05-08,3,1,"early_low","early","low","hyla",162.7,128,23
"37",37,2019-05-08,6,1,"same_low","same","low","hyla",170.5,128,23
"38",38,2019-05-08,23,3,"late_low","late","low","hyla",143.1,128,23
"39",39,2019-05-08,24,3,"early_med","early","med","hyla",161,128,23
"40",40,2019-05-08,25,3,"same_low","same","low","hyla",165.4,128,23
"41",41,2019-05-08,25,3,"same_low","same","low","hyla",190.3,128,23
"42",42,2019-05-08,25,3,"same_low","same","low","hyla",162.3,128,23
"43",43,2019-05-08,25,3,"same_low","same","low","hyla",119.5,128,23
"44",44,2019-05-08,20,2,"cont_med","cont","med","hyla",269.2,128,23
"45",45,2019-05-08,20,2,"cont_med","cont","med","hyla",209.6,128,23
"46",46,2019-05-08,29,3,"early_low","early","low","hyla",259.7,128,23
"47",47,2019-05-08,31,4,"late_low","late","low","hyla",120.3,128,23
"48",48,2019-05-08,32,4,"same_low","same","low","hyla",135.3,128,23
"49",49,2019-05-08,33,4,"early_low","early","low","hyla",204.1,128,23
"50",50,2019-05-08,35,4,"same_med","same","med","hyla",133.3,128,23
"51",51,2019-05-08,38,4,"early_med","early","med","hyla",172,128,23
"52",52,2019-05-08,42,5,"early_low","early","low","hyla",163.2,128,23
"53",53,2019-05-08,47,5,"same_low","same","low","hyla",183.1,128,23
"54",54,2019-05-08,53,6,"early_med","early","med","hyla",156.4,128,23
"55",55,2019-05-08,53,6,"early_med","early","med","hyla",148.3,128,23
"56",56,2019-05-08,55,6,"early_low","early","low","hyla",135.5,128,23
"57",57,2019-05-08,55,6,"early_low","early","low","hyla",157.7,128,23
"58",58,2019-05-08,55,6,"early_low","early","low","hyla",166.2,128,23
"59",59,2019-05-08,57,6,"same_low","same","low","hyla",158.7,128,23
"60",60,2019-05-08,57,6,"same_low","same","low","hyla",153.8,128,23
"61",61,2019-05-08,60,6,"cont_low","cont","low","hyla",272.5,128,23
"62",62,2019-05-08,60,6,"cont_low","cont","low","hyla",234.1,128,23
"63",63,2019-05-09,2,1,"early_med","early","med","hyla",132.5,129,24
"64",64,2019-05-09,2,1,"early_med","early","med","hyla",139.8,129,24
"65",65,2019-05-09,5,1,"same_med","same","med","hyla",146.5,129,24
"66",66,2019-05-09,5,1,"same_med","same","med","hyla",122.3,129,24
"67",67,2019-05-09,5,1,"same_med","same","med","hyla",151.8,129,24
"68",68,2019-05-09,6,1,"same_low","same","low","hyla",141.2,129,24
"69",69,2019-05-09,11,2,"early_med","early","med","hyla",151.3,129,24
"70",70,2019-05-09,11,2,"early_med","early","med","hyla",133.4,129,24
"71",71,2019-05-09,20,2,"cont_med","cont","med","hyla",288.1,129,24
"72",72,2019-05-09,20,2,"cont_med","cont","med","hyla",217.9,129,24
"73",73,2019-05-09,21,3,"same_med","same","med","hyla",110.8,129,24
"74",74,2019-05-09,24,3,"early_med","early","med","hyla",151.2,129,24
"75",75,2019-05-09,24,3,"early_med","early","med","hyla",136.4,129,24
"76",76,2019-05-09,24,3,"early_med","early","med","hyla",176,129,24
"77",77,2019-05-09,29,3,"early_low","early","low","hyla",196.6,129,24
"78",78,2019-05-09,29,3,"early_low","early","low","hyla",208,129,24
"79",79,2019-05-09,30,3,"cont_low","cont","low","hyla",157.7,129,24
"80",80,2019-05-09,30,3,"cont_low","cont","low","hyla",214.6,129,24
"81",81,2019-05-09,30,3,"cont_low","cont","low","hyla",198.8,129,24
"82",82,2019-05-09,30,3,"cont_low","cont","low","hyla",261.8,129,24
"83",83,2019-05-09,32,4,"same_low","same","low","hyla",134.3,129,24
"84",84,2019-05-09,33,4,"early_low","early","low","hyla",203.3,129,24
"85",85,2019-05-09,35,4,"same_med","same","med","hyla",127.9,129,24
"86",86,2019-05-09,35,4,"same_med","same","med","hyla",118.5,129,24
"87",87,2019-05-09,38,4,"early_med","early","med","hyla",159.3,129,24
"88",88,2019-05-09,38,4,"early_med","early","med","hyla",138.6,129,24
"89",89,2019-05-09,42,5,"early_low","early","low","hyla",176.8,129,24
"90",90,2019-05-09,42,5,"early_low","early","low","hyla",160,129,24
"91",91,2019-05-09,42,5,"early_low","early","low","hyla",169.7,129,24
"92",92,2019-05-09,47,5,"same_low","same","low","hyla",178.7,129,24
"93",93,2019-05-09,47,5,"same_low","same","low","hyla",175,129,24
"94",94,2019-05-09,48,5,"early_med","early","med","hyla",187.1,129,24
"95",95,2019-05-09,48,5,"early_med","early","med","hyla",239.2,129,24
"96",96,2019-05-09,48,5,"early_med","early","med","hyla",227.7,129,24
"97",97,2019-05-09,48,5,"early_med","early","med","hyla",204.3,129,24
"98",98,2019-05-09,48,5,"early_med","early","med","hyla",213.6,129,24
"99",99,2019-05-09,48,5,"early_med","early","med","hyla",269.9,129,24
"100",100,2019-05-09,48,5,"early_med","early","med","hyla",268.7,129,24
"101",101,2019-05-09,50,5,"cont_med","cont","med","hyla",168.1,129,24
"102",102,2019-05-09,50,5,"cont_med","cont","med","hyla",163.8,129,24
"103",103,2019-05-09,50,5,"cont_med","cont","med","hyla",174.8,129,24
"104",104,2019-05-09,53,6,"early_med","early","med","hyla",NA,129,24
"105",105,2019-05-09,53,6,"early_med","early","med","hyla",169.6,129,24
"106",106,2019-05-09,53,6,"early_med","early","med","hyla",138.2,129,24
"107",107,2019-05-09,53,6,"early_med","early","med","hyla",140.8,129,24
"108",108,2019-05-09,53,6,"early_med","early","med","hyla",150.8,129,24
"109",109,2019-05-09,53,6,"early_med","early","med","hyla",137.8,129,24
"110",110,2019-05-09,55,6,"early_low","early","low","hyla",160.2,129,24
"111",111,2019-05-09,58,6,"same_med","same","med","hyla",128.2,129,24
"112",112,2019-05-09,60,6,"cont_low","cont","low","hyla",337.2,129,24
"113",113,2019-05-09,60,6,"cont_low","cont","low","hyla",257,129,24
"114",114,2019-05-10,2,1,"early_med","early","med","hyla",161,130,25
"115",115,2019-05-10,2,1,"early_med","early","med","hyla",150.1,130,25
"116",116,2019-05-10,2,1,"early_med","early","med","hyla",159.2,130,25
"117",117,2019-05-10,3,1,"early_low","early","low","hyla",173.8,130,25
"118",118,2019-05-10,6,1,"same_low","same","low","hyla",110.4,130,25
"119",119,2019-05-10,11,2,"early_med","early","med","hyla",152.5,130,25
"120",120,2019-05-10,20,2,"cont_med","cont","med","hyla",132.7,130,25
"121",121,2019-05-10,21,3,"same_med","same","med","hyla",130.3,130,25
"122",122,2019-05-10,24,3,"early_med","early","med","hyla",149.5,130,25
"123",123,2019-05-10,24,3,"early_med","early","med","hyla",145,130,25
"124",124,2019-05-10,24,3,"early_med","early","med","hyla",172.4,130,25
"125",125,2019-05-10,24,3,"early_med","early","med","hyla",139.1,130,25
"126",126,2019-05-10,24,3,"early_med","early","med","hyla",145.8,130,25
"127",127,2019-05-10,25,3,"same_low","same","low","hyla",135.4,130,25
"128",128,2019-05-10,30,3,"cont_low","cont","low","hyla",209,130,25
"129",129,2019-05-10,30,3,"cont_low","cont","low","hyla",188.2,130,25
"130",130,2019-05-10,32,4,"same_low","same","low","hyla",141,130,25
"131",131,2019-05-10,32,4,"same_low","same","low","hyla",152.2,130,25
"132",132,2019-05-10,33,4,"early_low","early","low","hyla",134.6,130,25
"133",133,2019-05-10,35,4,"same_med","same","med","hyla",129.3,130,25
"134",134,2019-05-10,35,4,"same_med","same","med","hyla",146.9,130,25
"135",135,2019-05-10,37,4,"early_high","early","high","hyla",146.5,130,25
"136",136,2019-05-10,38,4,"early_med","early","med","hyla",165.3,130,25
"137",137,2019-05-10,38,4,"early_med","early","med","hyla",141.3,130,25
"138",138,2019-05-10,40,4,"cont_high","cont","high","hyla",141.4,130,25
"139",139,2019-05-10,40,4,"cont_high","cont","high","hyla",135.2,130,25
"140",140,2019-05-10,42,5,"early_low","early","low","hyla",158.8,130,25
"141",141,2019-05-10,43,5,"same_med","same","med","hyla",150.3,130,25
"142",142,2019-05-10,43,5,"same_med","same","med","hyla",144.9,130,25
"143",143,2019-05-10,43,5,"same_med","same","med","hyla",130.9,130,25
"144",144,2019-05-10,43,5,"same_med","same","med","hyla",114.1,130,25
"145",145,2019-05-10,43,5,"same_med","same","med","hyla",118,130,25
"146",146,2019-05-10,45,5,"late_low","late","low","hyla",112.9,130,25
"147",147,2019-05-10,45,5,"late_low","late","low","hyla",144,130,25
"148",148,2019-05-10,46,5,"early_high","early","high","hyla",169.1,130,25
"149",149,2019-05-10,46,5,"early_high","early","high","hyla",169.9,130,25
"150",150,2019-05-10,46,5,"early_high","early","high","hyla",151,130,25
"151",151,2019-05-10,47,5,"same_low","same","low","hyla",154.6,130,25
"152",152,2019-05-10,48,5,"early_med","early","med","hyla",203.6,130,25
"153",153,2019-05-10,50,5,"cont_med","cont","med","hyla",169.7,130,25
"154",154,2019-05-10,50,5,"cont_med","cont","med","hyla",146.4,130,25
"155",155,2019-05-10,50,5,"cont_med","cont","med","hyla",189.5,130,25
"156",156,2019-05-10,50,5,"cont_med","cont","med","hyla",121.3,130,25
"157",157,2019-05-10,52,6,"early_high","early","high","hyla",119.1,130,25
"158",158,2019-05-10,53,6,"early_med","early","med","hyla",125.1,130,25
"159",159,2019-05-10,55,6,"early_low","early","low","hyla",152.7,130,25
"160",160,2019-05-10,57,6,"same_low","same","low","hyla",153.2,130,25
"161",161,2019-05-10,58,6,"same_med","same","med","hyla",131.7,130,25
"162",162,2019-05-10,59,6,"late_low","late","low","hyla",152.1,130,25
"163",163,2019-05-10,59,6,"late_low","late","low","hyla",154.2,130,25
"164",164,2019-05-10,60,6,"cont_low","cont","low","hyla",273.7,130,25
"165",165,2019-05-10,60,6,"cont_low","cont","low","hyla",300.2,130,25
"166",166,2019-05-10,60,6,"cont_low","cont","low","hyla",276.4,130,25
"167",167,2019-05-10,60,6,"cont_low","cont","low","hyla",262,130,25
"168",169,2019-05-11,2,1,"early_med","early","med","hyla",162.6,131,26
"169",170,2019-05-11,3,1,"early_low","early","low","hyla",133.9,131,26
"170",171,2019-05-11,5,1,"same_med","same","med","hyla",139.4,131,26
"171",172,2019-05-11,12,2,"same_low","same","low","hyla",118,131,26
"172",173,2019-05-11,21,3,"same_med","same","med","hyla",133.1,131,26
"173",174,2019-05-11,24,3,"early_med","early","med","hyla",152,131,26
"174",175,2019-05-11,24,3,"early_med","early","med","hyla",135,131,26
"175",176,2019-05-11,25,3,"same_low","same","low","hyla",155.3,131,26
"176",177,2019-05-11,29,3,"early_low","early","low","hyla",197.9,131,26
"177",178,2019-05-11,29,3,"early_low","early","low","hyla",214.6,131,26
"178",179,2019-05-11,30,3,"cont_low","cont","low","hyla",207.9,131,26
"179",180,2019-05-11,30,3,"cont_low","cont","low","hyla",186,131,26
"180",181,2019-05-11,32,4,"same_low","same","low","hyla",127.7,131,26
"181",182,2019-05-11,33,4,"early_low","early","low","hyla",160.6,131,26
"182",183,2019-05-11,33,4,"early_low","early","low","hyla",168.9,131,26
"183",184,2019-05-11,35,4,"same_med","same","med","hyla",NA,131,26
"184",185,2019-05-11,35,4,"same_med","same","med","hyla",139.6,131,26
"185",186,2019-05-11,38,4,"early_med","early","med","hyla",163.9,131,26
"186",187,2019-05-11,40,4,"cont_high","cont","high","hyla",NA,131,26
"187",188,2019-05-11,42,5,"early_low","early","low","hyla",154.2,131,26
"188",189,2019-05-11,43,5,"same_med","same","med","hyla",132.7,131,26
"189",190,2019-05-11,43,5,"same_med","same","med","hyla",126.9,131,26
"190",191,2019-05-11,45,5,"late_low","late","low","hyla",129.6,131,26
"191",192,2019-05-11,47,5,"same_low","same","low","hyla",154.8,131,26
"192",193,2019-05-11,47,5,"same_low","same","low","hyla",142.1,131,26
"193",194,2019-05-11,48,5,"early_med","early","med","hyla",181.8,131,26
"194",195,2019-05-11,48,5,"early_med","early","med","hyla",180.1,131,26
"195",196,2019-05-11,48,5,"early_med","early","med","hyla",182.4,131,26
"196",197,2019-05-11,50,5,"cont_med","cont","med","hyla",121,131,26
"197",198,2019-05-11,52,6,"early_high","early","high","hyla",NA,131,26
"198",199,2019-05-11,57,6,"same_low","same","low","hyla",154.6,131,26
"199",200,2019-05-11,57,6,"same_low","same","low","hyla",140.1,131,26
"200",201,2019-05-11,58,6,"same_med","same","med","hyla",171.5,131,26
"201",202,2019-05-11,58,6,"same_med","same","med","hyla",136.2,131,26
"202",203,2019-05-11,60,6,"cont_low","cont","low","hyla",209.8,131,26
"203",204,2019-05-12,2,1,"early_med","early","med","hyla ",127.5,132,27
"204",205,2019-05-12,3,1,"early_low","early","low","hyla",162.1,132,27
"205",206,2019-05-12,11,2,"early_med","early","med","hyla ",116.6,132,27
"206",207,2019-05-12,20,2,"cont_med","cont","med","hyla",182.3,132,27
"207",208,2019-05-12,20,2,"cont_med","cont","med","hyla ",173.9,132,27
"208",209,2019-05-12,29,3,"early_low","early","low","hyla",203.2,132,27
"209",210,2019-05-12,30,3,"cont_low","cont","low","hyla ",210,132,27
"210",211,2019-05-12,30,3,"cont_low","cont","low","hyla",222.2,132,27
"211",212,2019-05-12,30,3,"cont_low","cont","low","hyla ",240.3,132,27
"212",213,2019-05-12,30,3,"cont_low","cont","low","hyla",233,132,27
"213",214,2019-05-12,38,4,"early_med","early","med","hyla ",139.7,132,27
"214",215,2019-05-12,38,4,"early_med","early","med","hyla",158.6,132,27
"215",216,2019-05-12,40,4,"cont_high","cont","high","hyla ",152.2,132,27
"216",217,2019-05-12,42,5,"early_low","early","low","hyla",188.5,132,27
"217",218,2019-05-12,46,5,"early_high","early","high","hyla ",149.8,132,27
"218",219,2019-05-12,58,6,"same_med","same","med","hyla",142.5,132,27
"219",220,2019-05-12,59,6,"late_low","late","low","hyla ",140.2,132,27
"220",221,2019-05-12,60,6,"cont_low","cont","low","hyla",231.2,132,27
"221",222,2019-05-12,60,6,"cont_low","cont","low","hyla ",216.9,132,27
"222",223,2019-05-12,60,6,"cont_low","cont","low","hyla",222.2,132,27
"223",224,2019-05-13,2,1,"early_med","early","med","hyla ",NA,133,28
"224",225,2019-05-13,6,1,"same_low","same","low","hyla",119,133,28
"225",226,2019-05-13,11,2,"early_med","early","med","hyla",108,133,28
"226",227,2019-05-13,12,2,"same_low","same","low","hyla",130.3,133,28
"227",228,2019-05-13,20,2,"cont_med","cont","med","hyla",181.6,133,28
"228",229,2019-05-13,23,3,"late_low","late","low","hyla",131.7,133,28
"229",230,2019-05-13,25,3,"same_low","same","low","hyla",113.2,133,28
"230",231,2019-05-13,29,3,"early_low","early","low","hyla",184.5,133,28
"231",232,2019-05-13,35,4,"same_med","same","med","hyla",135.1,133,28
"232",233,2019-05-13,38,4,"early_med","early","med","hyla",111.7,133,28
"233",234,2019-05-13,38,4,"early_med","early","med","hyla",136.9,133,28
"234",235,2019-05-13,38,4,"early_med","early","med","hyla",134,133,28
"235",236,2019-05-13,38,4,"early_med","early","med","hyla",134.2,133,28
"236",237,2019-05-13,40,4,"cont_high","cont","high","hyla",173.8,133,28
"237",238,2019-05-13,46,5,"early_high","early","high","hyla",172,133,28
"238",239,2019-05-13,52,6,"early_high","early","high","hyla",142.6,133,28
"239",240,2019-05-13,57,6,"same_low","same","low","hyla",149.4,133,28
"240",241,2019-05-13,57,6,"same_low","same","low","hyla",155.8,133,28
"241",242,2019-05-13,57,6,"same_low","same","low","hyla",146.6,133,28
"242",243,2019-05-13,59,6,"late_low","late","low","hyla",140.9,133,28
"243",244,2019-05-13,59,6,"late_low","late","low","hyla",149.5,133,28
"244",245,2019-05-13,60,6,"cont_low","cont","low","hyla",198.7,133,28
"245",246,2019-05-14,11,2,"early_med","early","med","hyla",118.8,134,29
"246",247,2019-05-14,15,2,"early_high","early","high","hyla",260.1,134,29
"247",248,2019-05-14,20,2,"cont_med","cont","med","hyla",115.6,134,29
"248",249,2019-05-14,21,3,"same_med","same","med","hyla",107.9,134,29
"249",250,2019-05-14,26,3,"early_high","early","high","hyla",103.5,134,29
"250",251,2019-05-14,26,3,"early_high","early","high","hyla",115.3,134,29
"251",252,2019-05-14,26,3,"early_high","early","high","hyla",119.2,134,29
"252",253,2019-05-14,29,3,"early_low","early","low","hyla",192.9,134,29
"253",254,2019-05-14,31,4,"late_low","late","low","hyla",120.4,134,29
"254",255,2019-05-14,32,4,"same_low","same","low","hyla",157.5,134,29
"255",256,2019-05-14,33,4,"early_low","early","low","hyla",151.3,134,29
"256",257,2019-05-14,33,4,"early_low","early","low","hyla",113.2,134,29
"257",258,2019-05-14,35,4,"same_med","same","med","hyla",129.3,134,29
"258",259,2019-05-14,37,4,"early_high","early","high","hyla",107.7,134,29
"259",260,2019-05-14,38,4,"early_med","early","med","hyla",147.3,134,29
"260",261,2019-05-14,40,4,"cont_high","cont","high","hyla",162.2,134,29
"261",262,2019-05-14,40,4,"cont_high","cont","high","hyla",124.8,134,29
"262",263,2019-05-14,40,4,"cont_high","cont","high","hyla",132.1,134,29
"263",264,2019-05-14,40,4,"cont_high","cont","high","hyla",169.6,134,29
"264",265,2019-05-14,46,5,"early_high","early","high","hyla",125.6,134,29
"265",266,2019-05-14,47,5,"same_low","same","low","hyla",122.7,134,29
"266",267,2019-05-14,50,5,"cont_med","cont","med","hyla",136.9,134,29
"267",268,2019-05-14,51,6,"late_med","late","med","hyla",115.3,134,29
"268",269,2019-05-14,52,6,"early_high","early","high","hyla",135.2,134,29
"269",270,2019-05-14,52,6,"early_high","early","high","hyla",113.2,134,29
"270",271,2019-05-14,55,6,"early_low","early","low","hyla",152.2,134,29
"271",272,2019-05-14,57,6,"same_low","same","low","hyla",109.8,134,29
"272",273,2019-05-14,59,6,"late_low","late","low","hyla",115.1,134,29
"273",274,2019-05-14,59,6,"late_low","late","low","hyla",117.3,134,29
"274",275,2019-05-14,60,6,"cont_low","cont","low","hyla",203.4,134,29
"275",276,2019-05-15,3,1,"early_low","early","low","hyla",143,135,30
"276",277,2019-05-15,3,1,"early_low","early","low","hyla",134.3,135,30
"277",278,2019-05-15,20,2,"cont_med","cont","med","hyla",NA,135,30
"278",279,2019-05-15,21,3,"same_med","same","med","hyla",132.5,135,30
"279",280,2019-05-15,21,3,"same_med","same","med","hyla",110.6,135,30
"280",281,2019-05-15,25,3,"same_low","same","low","hyla",117,135,30
"281",283,2019-05-15,33,4,"early_low","early","low","hyla",163.6,135,30
"282",284,2019-05-15,44,5,"same_high","same","high","hyla",134.1,135,30
"283",285,2019-05-15,46,5,"early_high","early","high","hyla",122.2,135,30
"284",286,2019-05-15,46,5,"early_high","early","high","hyla",139.8,135,30
"285",287,2019-05-15,46,5,"early_high","early","high","hyla",145.3,135,30
"286",288,2019-05-15,48,5,"early_med","early","med","hyla",183.4,135,30
"287",289,2019-05-15,51,6,"late_med","late","med","hyla",179.1,135,30
"288",290,2019-05-15,52,6,"early_high","early","high","hyla",NA,135,30
"289",291,2019-05-15,55,6,"early_low","early","low","hyla",158.5,135,30
"290",292,2019-05-15,59,6,"late_low","late","low","hyla",127.4,135,30
"291",293,2019-05-16,12,2,"same_low","same","low","hyla",120.4,136,31
"292",294,2019-05-16,20,2,"cont_med","cont","med","hyla",194,136,31
"293",295,2019-05-16,26,3,"early_high","early","high","hyla",NA,136,31
"294",296,2019-05-16,38,4,"early_med","early","med","hyla",NA,136,31
"295",297,2019-05-16,40,4,"cont_high","cont","high","hyla",143.2,136,31
"296",298,2019-05-16,42,5,"early_low","early","low","hyla",138,136,31
"297",299,2019-05-16,47,5,"same_low","same","low","hyla",134.3,136,31
"298",300,2019-05-16,47,5,"same_low","same","low","hyla",164.9,136,31
"299",301,2019-05-16,48,5,"early_med","early","med","hyla",192.9,136,31
"300",302,2019-05-16,48,5,"early_med","early","med","hyla",178.7,136,31
"301",303,2019-05-16,51,6,"late_med","late","med","hyla",144.1,136,31
"302",304,2019-05-16,52,6,"early_high","early","high","hyla",139.4,136,31
"303",305,2019-05-16,59,6,"late_low","late","low","hyla",NA,136,31
"304",306,2019-05-16,59,6,"late_low","late","low","hyla",129.4,136,31
"305",307,2019-05-16,59,6,"late_low","late","low","hyla",138.1,136,31
"306",308,2019-05-16,60,6,"cont_low","cont","low","hyla",199,136,31
"307",309,2019-05-16,60,6,"cont_low","cont","low","hyla",235.4,136,31
"308",310,2019-05-17,21,3,"same_med","same","med","hyla",150.6,137,32
"309",311,2019-05-17,22,3,"same_high","same","high","hyla",122.6,137,32
"310",312,2019-05-17,26,3,"early_high","early","high","hyla",160.3,137,32
"311",313,2019-05-17,32,4,"same_low","same","low","hyla",167.7,137,32
"312",314,2019-05-17,32,4,"same_low","same","low","hyla",156.8,137,32
"313",315,2019-05-17,33,4,"early_low","early","low","hyla",125.6,137,32
"314",316,2019-05-17,37,4,"early_high","early","high","hyla",156,137,32
"315",317,2019-05-17,46,5,"early_high","early","high","hyla",119.5,137,32
"316",318,2019-05-17,48,5,"early_med","early","med","hyla",161.9,137,32
"317",319,2019-05-17,50,5,"cont_med","cont","med","hyla",171,137,32
"318",320,2019-05-17,55,6,"early_low","early","low","hyla",165.5,137,32
"319",321,2019-05-17,57,6,"same_low","same","low","hyla",146.5,137,32
"320",322,2019-05-17,57,6,"same_low","same","low","hyla",134.1,137,32
"321",323,2019-05-18,20,2,"cont_med","cont","med","hyla",138,138,33
"322",324,2019-05-18,26,3,"early_high","early","high","hyla",118.4,138,33
"323",325,2019-05-18,30,3,"cont_low","cont","low","hyla",234.8,138,33
"324",326,2019-05-18,37,4,"early_high","early","high","hyla",137.9,138,33
"325",327,2019-05-18,52,6,"early_high","early","high","hyla",159.5,138,33
"326",328,2019-05-18,53,6,"early_med","early","med","hyla",130.1,138,33
"327",329,2019-05-18,53,6,"early_med","early","med","hyla",138.2,138,33
"328",330,2019-05-18,60,6,"cont_low","cont","low","hyla",209.7,138,33
"329",331,2019-05-19,3,1,"early_low","early","low","hyla",150.4,139,34
"330",332,2019-05-19,13,2,"early_low","early","low","hyla",133.9,139,34
"331",333,2019-05-19,21,3,"same_med","same","med","hyla",144.7,139,34
"332",334,2019-05-19,23,3,"late_low","late","low","hyla",133.6,139,34
"333",335,2019-05-19,26,3,"early_high","early","high","hyla",135.3,139,34
"334",336,2019-05-19,26,3,"early_high","early","high","hyla",152,139,34
"335",337,2019-05-19,30,3,"cont_low","cont","low","hyla",170.1,139,34
"336",338,2019-05-19,30,3,"cont_low","cont","low","hyla",181.5,139,34
"337",339,2019-05-19,30,3,"cont_low","cont","low","hyla",191.3,139,34
"338",340,2019-05-19,51,6,"late_med","late","med","hyla",210.9,139,34
"339",341,2019-05-20,15,2,"early_high","early","high","hyla",193.2,140,35
"340",342,2019-05-20,40,4,"cont_high","cont","high","hyla",114.9,140,35
"341",343,2019-05-20,46,5,"early_high","early","high","hyla",NA,140,35
"342",344,2019-05-20,46,5,"early_high","early","high","hyla",106.9,140,35
"343",345,2019-05-20,48,5,"early_med","early","med","hyla",164.7,140,35
"344",346,2019-05-20,52,6,"early_high","early","high","hyla",153.2,140,35
"345",347,2019-05-20,55,6,"early_low","early","low","hyla",239,140,35
"346",348,2019-05-21,20,2,"cont_med","cont","med","hyla",164.8,141,36
"347",349,2019-05-21,24,3,"early_med","early","med","hyla",129.6,141,36
"348",350,2019-05-21,30,3,"cont_low","cont","low","hyla",161.5,141,36
"349",351,2019-05-21,33,4,"early_low","early","low","hyla",144.5,141,36
"350",352,2019-05-21,40,4,"cont_high","cont","high","hyla",NA,141,36
"351",353,2019-05-21,40,4,"cont_high","cont","high","hyla",NA,141,36
"352",354,2019-05-21,46,5,"early_high","early","high","hyla",155.2,141,36
"353",355,2019-05-21,50,5,"cont_med","cont","med","hyla",162.1,141,36
"354",356,2019-05-21,52,6,"early_high","early","high","hyla",135,141,36
"355",357,2019-05-22,21,3,"same_med","same","med","hyla",148.9,142,37
"356",358,2019-05-22,21,3,"same_med","same","med","hyla",141.4,142,37
"357",359,2019-05-22,24,3,"early_med","early","med","hyla",125.7,142,37
"358",360,2019-05-22,32,4,"same_low","same","low","hyla",188.7,142,37
"359",361,2019-05-22,38,4,"early_med","early","med","hyla",156.9,142,37
"360",362,2019-05-22,38,4,"early_med","early","med","hyla",146,142,37
"361",363,2019-05-22,42,5,"early_low","early","low","hyla",171.8,142,37
"362",364,2019-05-22,46,5,"early_high","early","high","hyla",135.5,142,37
"363",365,2019-05-22,50,5,"cont_med","cont","med","hyla",185.5,142,37
"364",366,2019-05-22,52,6,"early_high","early","high","hyla",138.5,142,37
"365",367,2019-05-22,60,6,"cont_low","cont","low","hyla",244.1,142,37
"366",368,2019-05-23,23,3,"late_low","late","low","hyla",148.6,143,38
"367",369,2019-05-23,40,4,"cont_high","cont","high","hyla",159.7,143,38
"368",370,2019-05-23,40,4,"cont_high","cont","high","hyla",158.2,143,38
"369",371,2019-05-23,40,4,"cont_high","cont","high","hyla",182.6,143,38
"370",372,2019-05-23,40,4,"cont_high","cont","high","hyla",160.2,143,38
"371",373,2019-05-23,50,5,"cont_med","cont","med","hyla",207.4,143,38
"372",374,2019-05-23,50,5,"cont_med","cont","med","hyla",151.9,143,38
"373",375,2019-05-23,60,6,"cont_low","cont","low","hyla",261.3,143,38
"374",376,2019-05-24,15,2,"early_high","early","high","hyla",144.3,144,39
"375",377,2019-05-24,20,2,"cont_med","cont","med","hyla",163.5,144,39
"376",378,2019-05-24,40,4,"cont_high","cont","high","hyla",158.8,144,39
"377",379,2019-05-24,50,5,"cont_med","cont","med","hyla",154.6,144,39
"378",380,2019-05-24,60,6,"cont_low","cont","low","hyla",258.4,144,39
"379",381,2019-05-25,15,2,"early_high","early","high","hyla",157.8,145,40
"380",382,2019-05-25,30,3,"cont_low","cont","low","hyla",140.7,145,40
"381",383,2019-05-25,37,4,"early_high","early","high","hyla",145.1,145,40
"382",384,2019-05-25,38,4,"early_med","early","med","hyla",147.9,145,40
"383",385,2019-05-25,51,6,"late_med","late","med","hyla",142.3,145,40
"384",386,2019-05-25,53,6,"early_med","early","med","hyla",161.2,145,40
"385",387,2019-05-25,53,6,"early_med","early","med","hyla",144.9,145,40
"386",388,2019-05-25,60,6,"cont_low","cont","low","hyla",241.2,145,40
"387",389,2019-05-26,14,2,"same_med","same","med","hyla",132.9,146,41
"388",390,2019-05-26,23,3,"late_low","late","low","hyla",118.7,146,41
"389",391,2019-05-26,29,3,"early_low","early","low","hyla",170.5,146,41
"390",392,2019-05-26,30,3,"cont_low","cont","low","hyla",161.6,146,41
"391",393,2019-05-26,30,3,"cont_low","cont","low","hyla",192.4,146,41
"392",394,2019-05-26,31,4,"late_low","late","low","hyla",143.8,146,41
"393",395,2019-05-26,40,4,"cont_high","cont","high","hyla",152.8,146,41
"394",396,2019-05-26,40,4,"cont_high","cont","high","hyla",147.9,146,41
"395",397,2019-05-26,40,4,"cont_high","cont","high","hyla",154,146,41
"396",398,2019-05-26,42,5,"early_low","early","low","hyla",203.8,146,41
"397",399,2019-05-26,48,5,"early_med","early","med","hyla",154.3,146,41
"398",400,2019-05-26,50,5,"cont_med","cont","med","hyla",192,146,41
"399",401,2019-05-27,24,3,"early_med","early","med","hyla",156.2,147,42
"400",402,2019-05-27,24,3,"early_med","early","med","hyla",147.7,147,42
"401",403,2019-05-27,26,3,"early_high","early","high","hyla",122.7,147,42
"402",404,2019-05-27,29,3,"early_low","early","low","hyla",NA,147,42
"403",405,2019-05-27,29,3,"early_low","early","low","hyla",152.1,147,42
"404",406,2019-05-27,40,4,"cont_high","cont","high","hyla",NA,147,42
"405",407,2019-05-27,46,5,"early_high","early","high","hyla",155,147,42
"406",408,2019-05-27,50,5,"cont_med","cont","med","hyla",204.1,147,42
"407",409,2019-05-27,52,6,"early_high","early","high","hyla",129.1,147,42
"408",410,2019-05-27,52,6,"early_high","early","high","hyla",129.1,147,42
"409",411,2019-05-27,53,6,"early_med","early","med","hyla",173.3,147,42
"410",412,2019-05-27,53,6,"early_med","early","med","hyla",157,147,42
"411",413,2019-05-27,53,6,"early_med","early","med","hyla",176,147,42
"412",414,2019-05-27,60,6,"cont_low","cont","low","hyla",206.6,147,42
"413",415,2019-05-28,1,1,"early_high","early","high","hyla",153,148,43
"414",416,2019-05-28,15,2,"early_high","early","high","hyla",134.5,148,43
"415",417,2019-05-28,17,2,"same_high","same","high","hyla",129,148,43
"416",418,2019-05-28,20,2,"cont_med","cont","med","hyla",205.6,148,43
"417",419,2019-05-28,37,4,"early_high","early","high","hyla",147.6,148,43
"418",420,2019-05-28,40,4,"cont_high","cont","high","hyla",151.3,148,43
"419",421,2019-05-28,42,5,"early_low","early","low","hyla",173,148,43
"420",422,2019-05-28,55,6,"early_low","early","low","hyla",142.6,148,43
"421",423,2019-05-29,13,2,"early_low","early","low","hyla",NA,149,44
"422",424,2019-05-29,20,2,"cont_med","cont","med","hyla",199.6,149,44
"423",425,2019-05-29,25,3,"same_low","same","low","hyla",131.8,149,44
"424",426,2019-05-29,35,4,"same_med","same","med","hyla",167.8,149,44
"425",427,2019-05-29,37,4,"early_high","early","high","hyla",141.3,149,44
"426",428,2019-05-29,37,4,"early_high","early","high","hyla",123.4,149,44
"427",429,2019-05-29,37,4,"early_high","early","high","hyla",152.5,149,44
"428",430,2019-05-29,48,5,"early_med","early","med","hyla",193.1,149,44
"429",431,2019-05-30,3,1,"early_low","early","low","hyla",195.7,150,45
"430",433,2019-05-30,3,1,"early_low","early","low","hyla",227.5,150,45
"431",434,2019-05-30,26,3,"early_high","early","high","hyla",158.1,150,45
"432",435,2019-05-30,29,3,"early_low","early","low","hyla",150.2,150,45
"433",436,2019-05-30,30,3,"cont_low","cont","low","hyla",265.3,150,45
"434",437,2019-05-30,37,4,"early_high","early","high","hyla",157.8,150,45
"435",438,2019-05-30,42,5,"early_low","early","low","hyla",179,150,45
"436",439,2019-05-30,44,5,"same_high","same","high","hyla",149.9,150,45
"437",440,2019-05-30,48,5,"early_med","early","med","hyla",183.3,150,45
"438",441,2019-05-30,53,6,"early_med","early","med","hyla",160.9,150,45
"439",442,2019-05-30,55,6,"early_low","early","low","hyla",189.5,150,45
"440",443,2019-05-31,3,1,"early_low","early","low","hyla",211,151,46
"441",444,2019-05-31,20,2,"cont_med","cont","med","hyla",195.8,151,46
"442",445,2019-05-31,25,3,"same_low","same","low","hyla",162.4,151,46
"443",446,2019-05-31,38,4,"early_med","early","med","hyla",165.5,151,46
"444",447,2019-05-31,40,4,"cont_high","cont","high","hyla",NA,151,46
"445",448,2019-05-31,45,5,"late_low","late","low","hyla",132.1,151,46
"446",449,2019-05-31,48,5,"early_med","early","med","hyla",211.3,151,46
"447",450,2019-05-31,48,5,"early_med","early","med","hyla",182.5,151,46
"448",451,2019-06-01,1,1,"early_high","early","high","hyla",156.1,152,47
"449",452,2019-06-01,2,1,"early_med","early","med","hyla",163,152,47
"450",453,2019-06-01,3,1,"early_low","early","low","hyla",151.8,152,47
"451",454,2019-06-01,3,1,"early_low","early","low","hyla",191.2,152,47
"452",455,2019-06-01,15,2,"early_high","early","high","hyla",NA,152,47
"453",456,2019-06-01,36,4,"late_high","late","high","hyla",115.6,152,47
"454",457,2019-06-01,38,4,"early_med","early","med","hyla",188,152,47
"455",458,2019-06-01,42,5,"early_low","early","low","hyla",216.6,152,47
"456",459,2019-06-01,52,6,"early_high","early","high","hyla",164,152,47
"457",460,2019-06-02,20,2,"cont_med","cont","med","hyla",138.8,153,48
"458",461,2019-06-02,21,3,"same_med","same","med","hyla",163.9,153,48
"459",462,2019-06-02,33,4,"early_low","early","low","hyla",158,153,48
"460",463,2019-06-02,33,4,"early_low","early","low","hyla",NA,153,48
"461",464,2019-06-02,35,4,"same_med","same","med","hyla",165.7,153,48
"462",465,2019-06-02,40,4,"cont_high","cont","high","hyla",NA,153,48
"463",466,2019-06-02,46,5,"early_high","early","high","hyla",178.4,153,48
"464",467,2019-06-02,47,5,"same_low","same","low","hyla",142.3,153,48
"465",468,2019-06-02,50,5,"cont_med","cont","med","hyla",178.9,153,48
"466",469,2019-06-02,53,6,"early_med","early","med","hyla",191.8,153,48
"467",470,2019-06-02,55,6,"early_low","early","low","hyla",NA,153,48
"468",471,2019-06-03,1,1,"early_high","early","high","hyla",NA,154,49
"469",472,2019-06-03,1,1,"early_high","early","high","hyla",125.1,154,49
"470",473,2019-06-03,3,1,"early_low","early","low","hyla",173.8,154,49
"471",474,2019-06-03,24,3,"early_med","early","med","hyla",149.5,154,49
"472",475,2019-06-03,26,3,"early_high","early","high","hyla",203.2,154,49
"473",476,2019-06-03,29,3,"early_low","early","low","hyla",177.9,154,49
"474",477,2019-06-03,30,3,"cont_low","cont","low","hyla",327.9,154,49
"475",478,2019-06-03,40,4,"cont_high","cont","high","hyla",NA,154,49
"476",479,2019-06-03,40,4,"cont_high","cont","high","hyla",173.5,154,49
"477",480,2019-06-03,42,5,"early_low","early","low","hyla",187.5,154,49
"478",481,2019-06-03,48,5,"early_med","early","med","hyla",174.7,154,49
"479",482,2019-06-03,50,5,"cont_med","cont","med","hyla",NA,154,49
"480",483,2019-06-03,50,5,"cont_med","cont","med","hyla",212.9,154,49
"481",484,2019-06-03,50,5,"cont_med","cont","med","hyla",179.7,154,49
"482",485,2019-06-03,53,6,"early_med","early","med","hyla",169.1,154,49
"483",486,2019-06-03,57,6,"same_low","same","low","hyla",142.8,154,49
"484",487,2019-06-03,60,6,"cont_low","cont","low","hyla",239,154,49
"485",488,2019-06-04,20,2,"cont_med","cont","med","hyla",197,155,50
"486",489,2019-06-04,21,3,"same_med","same","med","hyla",199.9,155,50
"487",490,2019-06-04,21,3,"same_med","same","med","hyla",187.6,155,50
"488",491,2019-06-04,24,3,"early_med","early","med","hyla",175.4,155,50
"489",492,2019-06-04,40,4,"cont_high","cont","high","hyla",NA,155,50
"490",493,2019-06-04,40,4,"cont_high","cont","high","hyla",172.5,155,50
"491",494,2019-06-04,57,6,"same_low","same","low","hyla",181.5,155,50
"492",495,2019-06-04,60,6,"cont_low","cont","low","hyla",273.3,155,50
"493",496,2019-06-05,3,1,"early_low","early","low","hyla",223.7,156,51
"494",497,2019-06-05,11,2,"early_med","early","med","hyla",157.8,156,51
"495",498,2019-06-05,20,2,"cont_med","cont","med","hyla",193.2,156,51
"496",499,2019-06-05,30,3,"cont_low","cont","low","hyla",278.2,156,51
"497",500,2019-06-05,50,5,"cont_med","cont","med","hyla",245.5,156,51
"498",501,2019-06-05,60,6,"cont_low","cont","low","hyla",284.7,156,51
"499",502,2019-06-06,3,1,"early_low","early","low","hyla",215.6,157,52
"500",503,2019-06-06,10,1,"cont_high","cont","high","hyla",141.3,157,52
"501",504,2019-06-06,21,3,"same_med","same","med","hyla",187.5,157,52
"502",505,2019-06-06,26,3,"early_high","early","high","hyla",205.4,157,52
"503",506,2019-06-06,26,3,"early_high","early","high","hyla",180.3,157,52
"504",507,2019-06-06,26,3,"early_high","early","high","hyla",187.2,157,52
"505",508,2019-06-06,26,3,"early_high","early","high","hyla",222,157,52
"506",509,2019-06-06,26,3,"early_high","early","high","hyla",163.5,157,52
"507",510,2019-06-06,33,4,"early_low","early","low","hyla",177.7,157,52
"508",511,2019-06-06,36,4,"late_high","late","high","hyla",137.4,157,52
"509",512,2019-06-06,40,4,"cont_high","cont","high","hyla",263.5,157,52
"510",513,2019-06-06,42,5,"early_low","early","low","hyla",181.9,157,52
"511",514,2019-06-06,44,5,"same_high","same","high","hyla",155.7,157,52
"512",515,2019-06-06,46,5,"early_high","early","high","hyla",196.6,157,52
"513",516,2019-06-06,53,6,"early_med","early","med","hyla",176.9,157,52
"514",517,2019-06-06,55,6,"early_low","early","low","hyla",195.6,157,52
"515",518,2019-06-07,2,1,"early_med","early","med","hyla",180.6,158,53
"516",519,2019-06-07,3,1,"early_low","early","low","hyla",214.9,158,53
"517",520,2019-06-07,3,1,"early_low","early","low","hyla",227.4,158,53
"518",521,2019-06-07,3,1,"early_low","early","low","hyla",237.2,158,53
"519",522,2019-06-07,20,2,"cont_med","cont","med","hyla",231.7,158,53
"520",523,2019-06-07,26,3,"early_high","early","high","hyla",268.6,158,53
"521",524,2019-06-07,37,4,"early_high","early","high","hyla",167.8,158,53
"522",525,2019-06-07,40,4,"cont_high","cont","high","hyla",217.2,158,53
"523",526,2019-06-07,42,5,"early_low","early","low","hyla",186.9,158,53
"524",527,2019-06-07,44,5,"same_high","same","high","hyla",145.9,158,53
"525",528,2019-06-07,47,5,"same_low","same","low","hyla",172.8,158,53
"526",529,2019-06-07,51,6,"late_med","late","med","hyla",175.7,158,53
"527",530,2019-06-07,55,6,"early_low","early","low","hyla",216,158,53
"528",531,2019-06-07,57,6,"same_low","same","low","hyla",212,158,53
"529",532,2019-06-08,2,1,"early_med","early","med","hyla",132.6,159,54
"530",533,2019-06-08,6,1,"same_low","same","low","hyla",162.1,159,54
"531",534,2019-06-08,10,1,"cont_high","cont","high","hyla",179.2,159,54
"532",535,2019-06-08,11,2,"early_med","early","med","hyla",144.9,159,54
"533",536,2019-06-08,15,2,"early_high","early","high","hyla",147.1,159,54
"534",537,2019-06-08,25,3,"same_low","same","low","hyla",202.6,159,54
"535",538,2019-06-08,32,4,"same_low","same","low","hyla",142.3,159,54
"536",539,2019-06-08,38,4,"early_med","early","med","hyla",190,159,54
"537",540,2019-06-08,46,5,"early_high","early","high","hyla",240.2,159,54
"538",541,2019-06-08,51,6,"late_med","late","med","hyla",192.7,159,54
"539",542,2019-06-09,20,2,"cont_med","cont","med","hyla",NA,160,55
"540",543,2019-06-09,25,3,"same_low","same","low","hyla",222.2,160,55
"541",544,2019-06-09,26,3,"early_high","early","high","hyla",187.5,160,55
"542",545,2019-06-09,26,3,"early_high","early","high","hyla",225.9,160,55
"543",546,2019-06-09,26,3,"early_high","early","high","hyla",200.6,160,55
"544",547,2019-06-09,29,3,"early_low","early","low","hyla",NA,160,55
"545",548,2019-06-09,29,3,"early_low","early","low","hyla",213.2,160,55
"546",549,2019-06-09,33,4,"early_low","early","low","hyla",181.4,160,55
"547",550,2019-06-09,34,4,"same_high","same","high","hyla",130.7,160,55
"548",551,2019-06-09,38,4,"early_med","early","med","hyla",198,160,55
"549",552,2019-06-09,38,4,"early_med","early","med","hyla",203.8,160,55
"550",553,2019-06-09,42,5,"early_low","early","low","hyla",198.8,160,55
"551",554,2019-06-09,44,5,"same_high","same","high","hyla",157.2,160,55
"552",555,2019-06-09,46,5,"early_high","early","high","hyla",176.1,160,55
"553",556,2019-06-09,58,6,"same_med","same","med","hyla",160.7,160,55
"554",557,2019-06-09,58,6,"same_med","same","med","hyla",212.3,160,55
"555",558,2019-06-10,1,1,"early_high","early","high","hyla",151.6,161,56
"556",559,2019-06-10,3,1,"early_low","early","low","hyla",174.4,161,56
"557",560,2019-06-10,12,2,"same_low","same","low","hyla",183.3,161,56
"558",561,2019-06-10,12,2,"same_low","same","low","hyla",179.1,161,56
"559",562,2019-06-10,20,2,"cont_med","cont","med","hyla",244.4,161,56
"560",563,2019-06-10,26,3,"early_high","early","high","hyla",231.3,161,56
"561",564,2019-06-10,26,3,"early_high","early","high","hyla",219.6,161,56
"562",565,2019-06-10,29,3,"early_low","early","low","hyla",208.2,161,56
"563",566,2019-06-10,30,3,"cont_low","cont","low","hyla",435.4,161,56
"564",567,2019-06-10,35,4,"same_med","same","med","hyla",223.3,161,56
"565",568,2019-06-10,37,4,"early_high","early","high","hyla",160,161,56
"566",569,2019-06-10,37,4,"early_high","early","high","hyla",170.2,161,56
"567",570,2019-06-10,37,4,"early_high","early","high","hyla",185.2,161,56
"568",571,2019-06-10,37,4,"early_high","early","high","hyla",156.9,161,56
"569",572,2019-06-10,39,4,"late_med","late","med","hyla",166.3,161,56
"570",573,2019-06-10,42,5,"early_low","early","low","hyla",278.2,161,56
"571",574,2019-06-10,46,5,"early_high","early","high","hyla",203.1,161,56
"572",575,2019-06-10,46,5,"early_high","early","high","hyla",134,161,56
"573",576,2019-06-10,51,6,"late_med","late","med","hyla",221,161,56
"574",577,2019-06-10,52,6,"early_high","early","high","hyla",193.5,161,56
"575",578,2019-06-10,59,6,"late_low","late","low","hyla",162.7,161,56
"576",579,2019-06-10,60,6,"cont_low","cont","low","hyla",NA,161,56
"577",580,2019-06-11,10,1,"cont_high","cont","high","hyla",152.6,162,57
"578",581,2019-06-11,24,3,"early_med","early","med","hyla",150.3,162,57
"579",582,2019-06-11,33,4,"early_low","early","low","hyla",249.2,162,57
"580",583,2019-06-11,33,4,"early_low","early","low","hyla",218.6,162,57
"581",584,2019-06-11,38,4,"early_med","early","med","hyla",214.9,162,57
"582",585,2019-06-11,40,4,"cont_high","cont","high","hyla",212.6,162,57
"583",586,2019-06-11,42,5,"early_low","early","low","hyla",204.9,162,57
"584",587,2019-06-11,46,5,"early_high","early","high","hyla",201.5,162,57
"585",588,2019-06-11,48,5,"early_med","early","med","hyla",240,162,57
"586",589,2019-06-11,50,5,"cont_med","cont","med","hyla",253.8,162,57
"587",590,2019-06-11,52,6,"early_high","early","high","hyla",200,162,57
"588",591,2019-06-12,1,1,"early_high","early","high","hyla",204.8,163,58
"589",592,2019-06-12,3,1,"early_low","early","low","hyla",187.5,163,58
"590",593,2019-06-12,3,1,"early_low","early","low","hyla",232.9,163,58
"591",594,2019-06-12,37,4,"early_high","early","high","hyla",201.8,163,58
"592",595,2019-06-12,51,6,"late_med","late","med","hyla",213,163,58
"593",596,2019-06-13,1,1,"early_high","early","high","hyla",NA,164,59
"594",597,2019-06-13,1,1,"early_high","early","high","hyla",131.5,164,59
"595",598,2019-06-13,3,1,"early_low","early","low","hyla",232.1,164,59
"596",599,2019-06-13,3,1,"early_low","early","low","hyla",211.4,164,59
"597",600,2019-06-13,15,2,"early_high","early","high","hyla",NA,164,59
"598",601,2019-06-13,24,3,"early_med","early","med","hyla",162.4,164,59
"599",602,2019-06-13,29,3,"early_low","early","low","hyla",NA,164,59
"600",603,2019-06-13,29,3,"early_low","early","low","hyla",219.2,164,59
"601",604,2019-06-13,35,4,"same_med","same","med","hyla",NA,164,59
"602",605,2019-06-13,37,4,"early_high","early","high","hyla",212.5,164,59
"603",606,2019-06-13,39,4,"late_med","late","med","hyla",216.6,164,59
"604",607,2019-06-13,40,4,"cont_high","cont","high","hyla",233.8,164,59
"605",608,2019-06-13,43,5,"same_med","same","med","hyla",139.1,164,59
"606",609,2019-06-13,46,5,"early_high","early","high","hyla",239.5,164,59
"607",610,2019-06-13,51,6,"late_med","late","med","hyla",212.6,164,59
"608",611,2019-06-13,52,6,"early_high","early","high","hyla",NA,164,59
"609",612,2019-06-13,53,6,"early_med","early","med","hyla",250.2,164,59
"610",613,2019-06-13,55,6,"early_low","early","low","hyla",308.7,164,59
"611",614,2019-06-13,57,6,"same_low","same","low","hyla",206.3,164,59
"612",615,2019-06-13,57,6,"same_low","same","low","hyla",215.4,164,59
"613",616,2019-06-13,60,6,"cont_low","cont","low","hyla",335.4,164,59
"614",617,2019-06-14,9,1,"late_low","late","low","hyla",208.2,165,60
"615",618,2019-06-14,17,2,"same_high","same","high","hyla",216.8,165,60
"616",619,2019-06-14,37,4,"early_high","early","high","hyla",201.8,165,60
"617",620,2019-06-14,43,5,"same_med","same","med","hyla",NA,165,60
"618",621,2019-06-14,46,5,"early_high","early","high","hyla",272.4,165,60
"619",622,2019-06-14,47,5,"same_low","same","low","hyla",192.8,165,60
"620",623,2019-06-14,48,5,"early_med","early","med","hyla",219.8,165,60
"621",624,2019-06-14,54,6,"same_high","same","high","hyla",177.5,165,60
"622",625,2019-06-14,57,6,"same_low","same","low","hyla",216.1,165,60
"623",626,2019-06-15,5,1,"same_med","same","med","hyla",179,166,61
"624",627,2019-06-15,9,1,"late_low","late","low","hyla",156.8,166,61
"625",628,2019-06-15,20,2,"cont_med","cont","med","hyla",200.9,166,61
"626",629,2019-06-15,24,3,"early_med","early","med","hyla",163.9,166,61
"627",630,2019-06-15,45,5,"late_low","late","low","hyla",181.8,166,61
"628",631,2019-06-15,46,5,"early_high","early","high","hyla",185.2,166,61
"629",632,2019-06-15,48,5,"early_med","early","med","hyla",307.4,166,61
"630",633,2019-06-15,54,6,"same_high","same","high","hyla",160.5,166,61
"631",634,2019-06-15,58,6,"same_med","same","med","hyla",203.5,166,61
"632",635,2019-06-16,9,1,"late_low","late","low","hyla",178.4,167,62
"633",636,2019-06-16,17,2,"same_high","same","high","hyla",207.9,167,62
"634",637,2019-06-16,21,3,"same_med","same","med","hyla",218.2,167,62
"635",638,2019-06-16,25,3,"same_low","same","low","hyla",190.9,167,62
"636",639,2019-06-16,29,3,"early_low","early","low","hyla",270.5,167,62
"637",640,2019-06-16,35,4,"same_med","same","med","hyla",266.6,167,62
"638",641,2019-06-16,40,4,"cont_high","cont","high","hyla",NA,167,62
"639",642,2019-06-16,46,5,"early_high","early","high","hyla",261.1,167,62
"640",643,2019-06-16,50,5,"cont_med","cont","med","hyla",NA,167,62
"641",644,2019-06-16,50,5,"cont_med","cont","med","hyla",225.2,167,62
"642",645,2019-06-16,51,6,"late_med","late","med","hyla",207.7,167,62
"643",646,2019-06-16,52,6,"early_high","early","high","hyla",189.8,167,62
"644",647,2019-06-16,56,6,"late_high","late","high","hyla",224.3,167,62
"645",648,2019-06-16,57,6,"same_low","same","low","hyla",171.6,167,62
"646",649,2019-06-17,2,1,"early_med","early","med","hyla",189.6,168,63
"647",650,2019-06-17,3,1,"early_low","early","low","hyla",220.4,168,63
"648",651,2019-06-17,10,1,"cont_high","cont","high","hyla",164.7,168,63
"649",652,2019-06-17,12,2,"same_low","same","low","hyla",201.4,168,63
"650",653,2019-06-17,25,3,"same_low","same","low","hyla",199.5,168,63
"651",654,2019-06-17,26,3,"early_high","early","high","hyla",187.3,168,63
"652",655,2019-06-17,33,4,"early_low","early","low","hyla",NA,168,63
"653",656,2019-06-17,36,4,"late_high","late","high","hyla",178.2,168,63
"654",657,2019-06-17,37,4,"early_high","early","high","hyla",237.1,168,63
"655",658,2019-06-17,37,4,"early_high","early","high","hyla",249.7,168,63
"656",659,2019-06-17,37,4,"early_high","early","high","hyla",280.7,168,63
"657",660,2019-06-17,37,4,"early_high","early","high","hyla",216.7,168,63
"658",661,2019-06-17,42,5,"early_low","early","low","hyla",256.3,168,63
"659",662,2019-06-17,45,5,"late_low","late","low","hyla",209.4,168,63
"660",663,2019-06-17,45,5,"late_low","late","low","hyla",161.1,168,63
"661",664,2019-06-17,45,5,"late_low","late","low","hyla",218,168,63
"662",665,2019-06-17,50,5,"cont_med","cont","med","hyla",330.7,168,63
"663",666,2019-06-17,53,6,"early_med","early","med","hyla",250.2,168,63
"664",667,2019-06-17,53,6,"early_med","early","med","hyla",239.3,168,63
"665",668,2019-06-18,2,1,"early_med","early","med","hyla",NA,169,64
"666",669,2019-06-18,6,1,"same_low","same","low","hyla",173.4,169,64
"667",670,2019-06-18,20,2,"cont_med","cont","med","hyla",242.6,169,64
"668",671,2019-06-18,24,3,"early_med","early","med","hyla",170.8,169,64
"669",672,2019-06-18,25,3,"same_low","same","low","hyla",228.5,169,64
"670",673,2019-06-18,26,3,"early_high","early","high","hyla",202.3,169,64
"671",674,2019-06-18,26,3,"early_high","early","high","hyla",241.8,169,64
"672",675,2019-06-18,35,4,"same_med","same","med","hyla",154.7,169,64
"673",676,2019-06-18,38,4,"early_med","early","med","hyla",234,169,64
"674",677,2019-06-18,38,4,"early_med","early","med","hyla",211,169,64
"675",678,2019-06-18,38,4,"early_med","early","med","hyla",206.3,169,64
"676",679,2019-06-18,43,5,"same_med","same","med","hyla",186.8,169,64
"677",680,2019-06-18,46,5,"early_high","early","high","hyla",217.7,169,64
"678",681,2019-06-18,47,5,"same_low","same","low","hyla",210.6,169,64
"679",682,2019-06-18,47,5,"same_low","same","low","hyla",171.6,169,64
"680",683,2019-06-18,52,6,"early_high","early","high","hyla",213.8,169,64
"681",684,2019-06-18,52,6,"early_high","early","high","hyla",175.3,169,64
"682",685,2019-06-18,53,6,"early_med","early","med","hyla",231.6,169,64
"683",686,2019-06-19,1,1,"early_high","early","high","hyla",171.1,170,65
"684",687,2019-06-19,2,1,"early_med","early","med","hyla",190.8,170,65
"685",688,2019-06-19,10,1,"cont_high","cont","high","hyla",139.2,170,65
"686",689,2019-06-19,12,2,"same_low","same","low","hyla",170.2,170,65
"687",690,2019-06-19,13,2,"early_low","early","low","hyla",181.6,170,65
"688",691,2019-06-19,17,2,"same_high","same","high","hyla",157.3,170,65
"689",692,2019-06-19,17,2,"same_high","same","high","hyla",177.8,170,65
"690",693,2019-06-19,21,3,"same_med","same","med","hyla",135.5,170,65
"691",694,2019-06-19,37,4,"early_high","early","high","hyla",229.5,170,65
"692",695,2019-06-19,47,5,"same_low","same","low","hyla",222.1,170,65
"693",696,2019-06-19,48,5,"early_med","early","med","hyla",230.2,170,65
"694",697,2019-06-19,52,6,"early_high","early","high","hyla",228.4,170,65
"695",698,2019-06-19,52,6,"early_high","early","high","hyla",192.6,170,65
"696",699,2019-06-19,53,6,"early_med","early","med","hyla",232.4,170,65
"697",700,2019-06-19,53,6,"early_med","early","med","hyla",225.8,170,65
"698",701,2019-06-19,53,6,"early_med","early","med","hyla",279.5,170,65
"699",702,2019-06-19,53,6,"early_med","early","med","hyla",223.8,170,65
"700",703,2019-06-19,57,6,"same_low","same","low","hyla",193.8,170,65
"701",704,2019-06-19,58,6,"same_med","same","med","hyla",183.4,170,65
"702",705,2019-06-20,3,1,"early_low","early","low","hyla",239,171,66
"703",706,2019-06-20,9,1,"late_low","late","low","hyla",170.3,171,66
"704",707,2019-06-20,10,1,"cont_high","cont","high","hyla",170.9,171,66
"705",708,2019-06-20,12,2,"same_low","same","low","hyla",195.8,171,66
"706",709,2019-06-20,14,2,"same_med","same","med","hyla",169.7,171,66
"707",710,2019-06-20,24,3,"early_med","early","med","hyla",181.2,171,66
"708",711,2019-06-20,25,3,"same_low","same","low","hyla",282.3,171,66
"709",712,2019-06-20,36,4,"late_high","late","high","hyla",187.6,171,66
"710",713,2019-06-20,36,4,"late_high","late","high","hyla",189.5,171,66
"711",714,2019-06-20,37,4,"early_high","early","high","hyla",224,171,66
"712",715,2019-06-20,39,4,"late_med","late","med","hyla",183.4,171,66
"713",716,2019-06-20,42,5,"early_low","early","low","hyla",242.4,171,66
"714",717,2019-06-20,47,5,"same_low","same","low","hyla",263.2,171,66
"715",718,2019-06-20,48,5,"early_med","early","med","hyla",260.7,171,66
"716",719,2019-06-20,54,6,"same_high","same","high","hyla",159,171,66
"717",720,2019-06-20,56,6,"late_high","late","high","hyla",218.7,171,66
"718",721,2019-06-21,2,1,"early_med","early","med","hyla",187.3,172,67
"719",722,2019-06-21,6,1,"same_low","same","low","hyla",171.8,172,67
"720",723,2019-06-21,15,2,"early_high","early","high","hyla",181.4,172,67
"721",724,2019-06-21,20,2,"cont_med","cont","med","hyla",245,172,67
"722",725,2019-06-21,21,3,"same_med","same","med","hyla",210.7,172,67
"723",726,2019-06-21,25,3,"same_low","same","low","hyla",284.6,172,67
"724",727,2019-06-21,26,3,"early_high","early","high","hyla",228.5,172,67
"725",728,2019-06-21,32,4,"same_low","same","low","hyla",211.5,172,67
"726",729,2019-06-21,33,4,"early_low","early","low","hyla",265.3,172,67
"727",731,2019-06-21,36,4,"late_high","late","high","hyla",166.4,172,67
"728",732,2019-06-21,37,4,"early_high","early","high","hyla",237.7,172,67
"729",733,2019-06-21,37,4,"early_high","early","high","hyla",290.1,172,67
"730",734,2019-06-21,39,4,"late_med","late","med","hyla",187.4,172,67
"731",735,2019-06-21,40,4,"cont_high","cont","high","hyla",346.3,172,67
"732",736,2019-06-21,47,5,"same_low","same","low","hyla",208.6,172,67
"733",737,2019-06-21,47,5,"same_low","same","low","hyla",223.8,172,67
"734",738,2019-06-21,50,5,"cont_med","cont","med","hyla",270.4,172,67
"735",739,2019-06-21,50,5,"cont_med","cont","med","hyla",237.7,172,67
"736",740,2019-06-21,51,6,"late_med","late","med","hyla",166.4,172,67
"737",741,2019-06-21,51,6,"late_med","late","med","hyla",217,172,67
"738",742,2019-06-21,53,6,"early_med","early","med","hyla",230.3,172,67
"739",743,2019-06-21,54,6,"same_high","same","high","hyla",218.2,172,67
"740",745,2019-06-21,56,6,"late_high","late","high","hyla",223.4,172,67
"741",746,2019-06-21,57,6,"same_low","same","low","hyla",204.4,172,67
"742",747,2019-06-21,57,6,"same_low","same","low","hyla",175.6,172,67
"743",748,2019-06-22,2,1,"early_med","early","med","hyla",160.7,173,68
"744",749,2019-06-22,4,1,"same_high","same","high","hyla",150.2,173,68
"745",750,2019-06-22,9,1,"late_low","late","low","hyla",131.9,173,68
"746",751,2019-06-22,11,2,"early_med","early","med","hyla",146.2,173,68
"747",752,2019-06-22,12,2,"same_low","same","low","hyla",153.1,173,68
"748",753,2019-06-22,17,2,"same_high","same","high","hyla",177.2,173,68
"749",754,2019-06-22,24,3,"early_med","early","med","hyla",184.1,173,68
"750",755,2019-06-22,24,3,"early_med","early","med","hyla",184.2,173,68
"751",756,2019-06-22,28,3,"late_high","late","high","hyla",176.8,173,68
"752",757,2019-06-22,38,4,"early_med","early","med","hyla",261.4,173,68
"753",758,2019-06-22,38,4,"early_med","early","med","hyla",186.8,173,68
"754",759,2019-06-22,41,5,"late_high","late","high","hyla",139.8,173,68
"755",760,2019-06-22,43,5,"same_med","same","med","hyla",184.5,173,68
"756",761,2019-06-22,53,6,"early_med","early","med","hyla",194.5,173,68
"757",762,2019-06-23,1,1,"early_high","early","high","hyla",135.1,174,69
"758",763,2019-06-23,2,1,"early_med","early","med","hyla",188.3,174,69
"759",764,2019-06-23,7,1,"late_high","late","high","hyla",144.7,174,69
"760",765,2019-06-23,10,1,"cont_high","cont","high","hyla",190.7,174,69
"761",766,2019-06-23,11,2,"early_med","early","med","hyla",167.2,174,69
"762",767,2019-06-23,20,2,"cont_med","cont","med","hyla",189.5,174,69
"763",768,2019-06-23,35,4,"same_med","same","med","hyla",176.7,174,69
"764",769,2019-06-23,36,4,"late_high","late","high","hyla",171.9,174,69
"765",770,2019-06-23,37,4,"early_high","early","high","hyla",230.5,174,69
"766",771,2019-06-23,39,4,"late_med","late","med","hyla",197.7,174,69
"767",772,2019-06-23,39,4,"late_med","late","med","hyla",233.2,174,69
"768",773,2019-06-23,42,5,"early_low","early","low","hyla",209.2,174,69
"769",774,2019-06-23,45,5,"late_low","late","low","hyla",177.1,174,69
"770",775,2019-06-23,47,5,"same_low","same","low","hyla",166.7,174,69
"771",776,2019-06-23,53,6,"early_med","early","med","hyla",215.7,174,69
"772",777,2019-06-23,56,6,"late_high","late","high","hyla",208.5,174,69
"773",778,2019-06-23,56,6,"late_high","late","high","hyla",217.4,174,69
"774",779,2019-06-24,1,1,"early_high","early","high","hyla",NA,175,70
"775",780,2019-06-24,2,1,"early_med","early","med","hyla",NA,175,70
"776",781,2019-06-24,10,1,"cont_high","cont","high","hyla",NA,175,70
"777",782,2019-06-24,20,2,"cont_med","cont","med","hyla",NA,175,70
"778",783,2019-06-24,24,3,"early_med","early","med","hyla",NA,175,70
"779",784,2019-06-24,33,4,"early_low","early","low","hyla",NA,175,70
"780",785,2019-06-24,43,5,"same_med","same","med","hyla",NA,175,70
"781",786,2019-06-24,50,5,"cont_med","cont","med","hyla",NA,175,70
"782",787,2019-06-24,51,6,"late_med","late","med","hyla",222.9,175,70
"783",788,2019-06-24,54,6,"same_high","same","high","hyla",138.7,175,70
"784",789,2019-06-24,57,6,"same_low","same","low","hyla",178.5,175,70
"785",790,2019-06-24,58,6,"same_med","same","med","hyla",162.6,175,70
"786",791,2019-06-25,11,2,"early_med","early","med","hyla",151.2,176,71
"787",792,2019-06-25,13,2,"early_low","early","low","hyla",152.7,176,71
"788",793,2019-06-25,14,2,"same_med","same","med","hyla",138.4,176,71
"789",794,2019-06-25,17,2,"same_high","same","high","hyla",151.2,176,71
"790",795,2019-06-25,20,2,"cont_med","cont","med","hyla",285.6,176,71
"791",796,2019-06-25,26,3,"early_high","early","high","hyla",212,176,71
"792",797,2019-06-25,33,4,"early_low","early","low","hyla",234,176,71
"793",798,2019-06-25,35,4,"same_med","same","med","hyla",259.5,176,71
"794",799,2019-06-25,35,4,"same_med","same","med","hyla",243.6,176,71
"795",800,2019-06-25,55,6,"early_low","early","low","hyla",199.2,176,71
"796",801,2019-06-25,57,6,"same_low","same","low","hyla",NA,176,71
"797",802,2019-06-25,58,6,"same_med","same","med","hyla",198.6,176,71
"798",803,2019-06-26,1,1,"early_high","early","high","hyla",152.6,177,72
"799",804,2019-06-26,5,1,"same_med","same","med","hyla",195.8,177,72
"800",805,2019-06-26,6,1,"same_low","same","low","hyla",198.6,177,72
"801",806,2019-06-26,10,1,"cont_high","cont","high","hyla",148.1,177,72
"802",807,2019-06-26,10,1,"cont_high","cont","high","hyla",148.1,177,72
"803",808,2019-06-26,14,2,"same_med","same","med","hyla",173.6,177,72
"804",809,2019-06-26,18,2,"late_high","late","high","hyla",174.2,177,72
"805",810,2019-06-26,26,3,"early_high","early","high","hyla",234.3,177,72
"806",811,2019-06-26,32,4,"same_low","same","low","hyla",162.2,177,72
"807",812,2019-06-26,33,4,"early_low","early","low","hyla",241.7,177,72
"808",813,2019-06-26,35,4,"same_med","same","med","hyla",175,177,72
"809",814,2019-06-26,37,4,"early_high","early","high","hyla",216.5,177,72
"810",815,2019-06-26,43,5,"same_med","same","med","hyla",177.7,177,72
"811",816,2019-06-26,44,5,"same_high","same","high","hyla",169.3,177,72
"812",817,2019-06-26,44,5,"same_high","same","high","hyla",178.8,177,72
"813",818,2019-06-26,44,5,"same_high","same","high","hyla",166.6,177,72
"814",819,2019-06-26,47,5,"same_low","same","low","hyla",172.9,177,72
"815",820,2019-06-26,48,5,"early_med","early","med","hyla",207.1,177,72
"816",821,2019-06-26,50,5,"cont_med","cont","med","hyla",220.3,177,72
"817",822,2019-06-26,51,6,"late_med","late","med","hyla",202.7,177,72
"818",823,2019-06-26,58,6,"same_med","same","med","hyla",188.1,177,72
"819",824,2019-06-26,58,6,"same_med","same","med","hyla",219.8,177,72
"820",825,2019-06-27,2,1,"early_med","early","med","hyla",155.5,178,73
"821",826,2019-06-27,3,1,"early_low","early","low","hyla",324.9,178,73
"822",827,2019-06-27,5,1,"same_med","same","med","hyla",192.4,178,73
"823",828,2019-06-27,5,1,"same_med","same","med","hyla",139.7,178,73
"824",829,2019-06-27,7,1,"late_high","late","high","hyla",122.2,178,73
"825",830,2019-06-27,9,1,"late_low","late","low","hyla",141,178,73
"826",831,2019-06-27,12,2,"same_low","same","low","hyla",165.6,178,73
"827",832,2019-06-27,17,2,"same_high","same","high","hyla",161.7,178,73
"828",833,2019-06-27,24,3,"early_med","early","med","hyla",221.6,178,73
"829",834,2019-06-27,24,3,"early_med","early","med","hyla",192.8,178,73
"830",835,2019-06-27,24,3,"early_med","early","med","hyla",179.1,178,73
"831",837,2019-06-27,34,4,"same_high","same","high","hyla",192,178,73
"832",838,2019-06-27,36,4,"late_high","late","high","hyla",152.5,178,73
"833",839,2019-06-27,37,4,"early_high","early","high","hyla",NA,178,73
"834",840,2019-06-27,43,5,"same_med","same","med","hyla",204,178,73
"835",841,2019-06-27,56,6,"late_high","late","high","hyla",176.8,178,73
"836",842,2019-06-27,58,6,"same_med","same","med","hyla",209.2,178,73
"837",843,2019-06-27,58,6,"same_med","same","med","hyla",160,178,73
"838",844,2019-06-28,2,1,"early_med","early","med","hyla",145.3,179,74
"839",845,2019-06-28,2,1,"early_med","early","med","hyla",190.6,179,74
"840",846,2019-06-28,5,1,"same_med","same","med","hyla",160,179,74
"841",847,2019-06-28,11,2,"early_med","early","med","hyla",NA,179,74
"842",848,2019-06-28,12,2,"same_low","same","low","hyla",223.8,179,74
"843",849,2019-06-28,13,2,"early_low","early","low","hyla",166.2,179,74
"844",850,2019-06-28,13,2,"early_low","early","low","hyla",184.3,179,74
"845",851,2019-06-28,16,2,"late_med","late","med","hyla",172,179,74
"846",852,2019-06-28,25,3,"same_low","same","low","hyla",222.4,179,74
"847",853,2019-06-28,26,3,"early_high","early","high","hyla",312.6,179,74
"848",854,2019-06-28,36,4,"late_high","late","high","hyla",174.6,179,74
"849",855,2019-06-28,43,5,"same_med","same","med","hyla",237.2,179,74
"850",856,2019-06-28,45,5,"late_low","late","low","hyla",155,179,74
"851",857,2019-06-28,52,6,"early_high","early","high","hyla",190.7,179,74
"852",858,2019-06-28,53,6,"early_med","early","med","hyla",283.8,179,74
"853",859,2019-06-28,54,6,"same_high","same","high","hyla",177,179,74
"854",860,2019-06-28,54,6,"same_high","same","high","hyla",159.2,179,74
"855",861,2019-06-28,54,6,"same_high","same","high","hyla",180,179,74
"856",862,2019-06-29,6,1,"same_low","same","low","hyla",178.2,180,75
"857",863,2019-06-29,12,2,"same_low","same","low","hyla",211.9,180,75
"858",864,2019-06-29,13,2,"early_low","early","low","hyla",198,180,75
"859",865,2019-06-29,17,2,"same_high","same","high","hyla",201.9,180,75
"860",866,2019-06-29,20,2,"cont_med","cont","med","hyla",236,180,75
"861",868,2019-06-29,32,4,"same_low","same","low","hyla",178.6,180,75
"862",869,2019-06-29,32,4,"same_low","same","low","hyla",181.5,180,75
"863",870,2019-06-29,35,4,"same_med","same","med","hyla",191,180,75
"864",871,2019-06-29,37,4,"early_high","early","high","hyla",272.2,180,75
"865",872,2019-06-29,39,4,"late_med","late","med","hyla",218.1,180,75
"866",873,2019-06-29,44,5,"same_high","same","high","hyla",149.9,180,75
"867",874,2019-06-29,45,5,"late_low","late","low","hyla",157.7,180,75
"868",875,2019-06-29,54,6,"same_high","same","high","hyla",NA,180,75
"869",876,2019-06-29,56,6,"late_high","late","high","hyla",214.4,180,75
"870",877,2019-06-30,2,1,"early_med","early","med","hyla",196.4,181,76
"871",878,2019-06-30,2,1,"early_med","early","med","hyla",183.2,181,76
"872",879,2019-06-30,5,1,"same_med","same","med","hyla",172.8,181,76
"873",880,2019-06-30,6,1,"same_low","same","low","hyla",155.3,181,76
"874",881,2019-06-30,12,2,"same_low","same","low","hyla",234.1,181,76
"875",882,2019-06-30,20,2,"cont_med","cont","med","hyla",254.7,181,76
"876",883,2019-06-30,32,4,"same_low","same","low","hyla",192,181,76
"877",884,2019-06-30,35,4,"same_med","same","med","hyla",197.8,181,76
"878",885,2019-06-30,37,4,"early_high","early","high","hyla",304.6,181,76
"879",886,2019-06-30,37,4,"early_high","early","high","hyla",236.8,181,76
"880",887,2019-06-30,42,5,"early_low","early","low","hyla",210.6,181,76
"881",888,2019-06-30,47,5,"same_low","same","low","hyla",NA,181,76
"882",889,2019-06-30,53,6,"early_med","early","med","hyla",259,181,76
"883",890,2019-06-30,56,6,"late_high","late","high","hyla",210.7,181,76
"884",891,2019-06-30,57,6,"same_low","same","low","hyla",264.5,181,76
"885",892,2019-07-01,2,1,"early_med","early","med","hyla",163.5,182,77
"886",893,2019-07-01,5,1,"same_med","same","med","hyla",168.1,182,77
"887",894,2019-07-01,5,1,"same_med","same","med","hyla",245.6,182,77
"888",895,2019-07-01,6,1,"same_low","same","low","hyla",126.5,182,77
"889",896,2019-07-01,10,1,"cont_high","cont","high","hyla",193.3,182,77
"890",897,2019-07-01,12,2,"same_low","same","low","hyla",210.5,182,77
"891",898,2019-07-01,13,2,"early_low","early","low","hyla",206.6,182,77
"892",899,2019-07-01,14,2,"same_med","same","med","hyla",179.4,182,77
"893",900,2019-07-01,19,2,"late_low","late","low","hyla",149.8,182,77
"894",901,2019-07-01,24,3,"early_med","early","med","hyla",213,182,77
"895",902,2019-07-01,25,3,"same_low","same","low","hyla",204.2,182,77
"896",903,2019-07-01,37,4,"early_high","early","high","hyla",245.1,182,77
"897",904,2019-07-01,51,6,"late_med","late","med","hyla",NA,182,77
"898",905,2019-07-01,54,6,"same_high","same","high","hyla",NA,182,77
"899",906,2019-07-02,1,1,"early_high","early","high","hyla",176.4,183,78
"900",907,2019-07-02,7,1,"late_high","late","high","hyla",154.8,183,78
"901",908,2019-07-02,11,2,"early_med","early","med","hyla",194.8,183,78
"902",909,2019-07-02,19,2,"late_low","late","low","hyla",149.5,183,78
"903",910,2019-07-02,31,4,"late_low","late","low","hyla",124.5,183,78
"904",911,2019-07-02,37,4,"early_high","early","high","hyla",260.4,183,78
"905",912,2019-07-02,44,5,"same_high","same","high","hyla",169,183,78
"906",913,2019-07-02,45,5,"late_low","late","low","hyla",220.1,183,78
"907",914,2019-06-30,52,6,"early_high","early","high","hyla",NA,181,76
"908",915,2019-07-03,6,1,"same_low","same","low","hyla",180.1,184,79
"909",916,2019-07-03,8,1,"late_med","late","med","hyla",154.8,184,79
"910",917,2019-07-03,18,2,"late_high","late","high","hyla",NA,184,79
"911",918,2019-07-03,39,4,"late_med","late","med","hyla",217.6,184,79
"912",919,2019-07-03,43,5,"same_med","same","med","hyla",228.1,184,79
"913",920,2019-07-03,51,6,"late_med","late","med","hyla",231.9,184,79
"914",921,2019-07-05,2,1,"early_med","early","med","hyla",149.7,186,81
"915",922,2019-07-05,2,1,"early_med","early","med","hyla",145.5,186,81
"916",923,2019-07-05,6,1,"same_low","same","low","hyla",190.9,186,81
"917",924,2019-07-05,12,2,"same_low","same","low","hyla",223.3,186,81
"918",925,2019-07-05,13,2,"early_low","early","low","hyla",182.5,186,81
"919",926,2019-07-05,13,2,"early_low","early","low","hyla",189.8,186,81
"920",927,2019-07-05,14,2,"same_med","same","med","hyla",196.3,186,81
"921",928,2019-07-05,19,2,"late_low","late","low","hyla",149.1,186,81
"922",929,2019-07-05,25,3,"same_low","same","low","hyla",158.5,186,81
"923",930,2019-07-05,32,4,"same_low","same","low","hyla",156.5,186,81
"924",931,2019-07-05,34,4,"same_high","same","high","hyla",183,186,81
"925",932,2019-07-05,35,4,"same_med","same","med","hyla",161.1,186,81
"926",933,2019-07-05,39,4,"late_med","late","med","hyla",209,186,81
"927",934,2019-07-05,39,4,"late_med","late","med","hyla",201.3,186,81
"928",935,2019-07-05,39,4,"late_med","late","med","hyla",232.8,186,81
"929",936,2019-07-05,43,5,"same_med","same","med","hyla",227.5,186,81
"930",937,2019-07-05,45,5,"late_low","late","low","hyla",209.3,186,81
"931",938,2019-07-05,45,5,"late_low","late","low","hyla",189.4,186,81
"932",939,2019-07-05,49,5,"late_med","late","med","hyla",158.9,186,81
"933",940,2019-07-05,56,6,"late_high","late","high","hyla",272.8,186,81
"934",941,2019-07-05,57,6,"same_low","same","low","hyla",222.5,186,81
"935",942,2019-07-06,14,2,"same_med","same","med","hyla",NA,187,82
"936",943,2019-07-06,18,2,"late_high","late","high","hyla",178,187,82
"937",944,2019-07-06,18,2,"late_high","late","high","hyla",176.4,187,82
"938",945,2019-07-07,2,1,"early_med","early","med","hyla",151.5,188,83
"939",946,2019-07-07,6,1,"same_low","same","low","hyla",215.9,188,83
"940",947,2019-07-07,18,2,"late_high","late","high","hyla",158.8,188,83
"941",948,2019-07-07,25,3,"same_low","same","low","hyla",184.9,188,83
"942",950,2019-07-07,39,4,"late_med","late","med","hyla",229.3,188,83
"943",951,2019-07-07,43,5,"same_med","same","med","hyla",224.5,188,83
"944",952,2019-07-07,44,5,"same_high","same","high","hyla",197.5,188,83
"945",953,2019-07-07,45,5,"late_low","late","low","hyla",199.5,188,83
"946",954,2019-07-07,54,6,"same_high","same","high","hyla",148.1,188,83
"947",955,2019-07-07,55,6,"early_low","early","low","hyla",278.5,188,83
"948",956,2019-07-07,56,6,"late_high","late","high","hyla",298.1,188,83
"949",957,2019-07-07,56,6,"late_high","late","high","hyla",187.2,188,83
"950",958,2019-07-07,56,6,"late_high","late","high","hyla",206.5,188,83
"951",959,2019-07-08,2,1,"early_med","early","med","hyla",188.6,189,84
"952",960,2019-07-08,5,1,"same_med","same","med","hyla",215.4,189,84
"953",961,2019-07-08,11,2,"early_med","early","med","hyla",198.6,189,84
"954",962,2019-07-08,11,2,"early_med","early","med","hyla",158.3,189,84
"955",963,2019-07-08,11,2,"early_med","early","med","hyla",213.4,189,84
"956",964,2019-07-08,11,2,"early_med","early","med","hyla",211.3,189,84
"957",965,2019-07-08,13,2,"early_low","early","low","hyla",207.2,189,84
"958",966,2019-07-08,13,2,"early_low","early","low","hyla",197.9,189,84
"959",967,2019-07-08,14,2,"same_med","same","med","hyla",154.6,189,84
"960",968,2019-07-08,16,2,"late_med","late","med","hyla",120.3,189,84
"961",969,2019-07-08,17,2,"same_high","same","high","hyla",225.2,189,84
"962",970,2019-07-08,38,4,"early_med","early","med","hyla",166.6,189,84
"963",971,2019-07-08,39,4,"late_med","late","med","hyla",226.5,189,84
"964",972,2019-07-08,43,5,"same_med","same","med","hyla",227.7,189,84
"965",973,2019-07-08,53,6,"early_med","early","med","hyla",206.9,189,84
"966",974,2019-07-08,56,6,"late_high","late","high","hyla",225.9,189,84
"967",975,2019-07-09,10,1,"cont_high","cont","high","hyla",213.6,190,85
"968",976,2019-07-09,11,2,"early_med","early","med","hyla",207.9,190,85
"969",977,2019-07-09,13,2,"early_low","early","low","hyla",198.8,190,85
"970",978,2019-07-09,13,2,"early_low","early","low","hyla",253.9,190,85
"971",979,2019-07-09,14,2,"same_med","same","med","hyla",199.9,190,85
"972",980,2019-07-09,17,2,"same_high","same","high","hyla",127.2,190,85
"973",981,2019-07-09,19,2,"late_low","late","low","hyla",220.5,190,85
"974",982,2019-07-09,23,3,"late_low","late","low","hyla",214.8,190,85
"975",983,2019-07-09,24,3,"early_med","early","med","hyla",198.2,190,85
"976",984,2019-07-09,38,4,"early_med","early","med","hyla",232.4,190,85
"977",985,2019-07-09,39,4,"late_med","late","med","hyla",251.8,190,85
"978",986,2019-07-09,39,4,"late_med","late","med","hyla",263.3,190,85
"979",987,2019-07-09,39,4,"late_med","late","med","hyla",255.2,190,85
"980",988,2019-07-09,43,5,"same_med","same","med","hyla",247.4,190,85
"981",989,2019-07-09,43,5,"same_med","same","med","hyla",312,190,85
"982",990,2019-07-09,43,5,"same_med","same","med","hyla",222.7,190,85
"983",991,2019-07-09,43,5,"same_med","same","med","hyla",212,190,85
"984",992,2019-07-09,53,6,"early_med","early","med","hyla",181.1,190,85
"985",993,2019-07-09,54,6,"same_high","same","high","hyla",225.6,190,85
"986",994,2019-07-09,56,6,"late_high","late","high","hyla",209,190,85
"987",995,2019-07-09,58,6,"same_med","same","med","hyla",143.2,190,85
"988",996,2019-07-10,5,1,"same_med","same","med","hyla",190.3,191,86
"989",997,2019-07-10,12,2,"same_low","same","low","hyla",201.4,191,86
"990",998,2019-07-10,16,2,"late_med","late","med","hyla",175.9,191,86
"991",999,2019-07-10,23,3,"late_low","late","low","hyla",199.4,191,86
"992",1000,2019-07-10,32,4,"same_low","same","low","hyla",203.2,191,86
"993",1001,2019-07-10,35,4,"same_med","same","med","hyla",NA,191,86
"994",1002,2019-07-10,35,4,"same_med","same","med","hyla",229.4,191,86
"995",1003,2019-07-10,39,4,"late_med","late","med","hyla",192.5,191,86
"996",1004,2019-07-10,39,4,"late_med","late","med","hyla",220.8,191,86
"997",1005,2019-07-10,39,4,"late_med","late","med","hyla",238.8,191,86
"998",1006,2019-07-10,44,5,"same_high","same","high","hyla",NA,191,86
"999",1007,2019-07-10,45,5,"late_low","late","low","hyla",158.3,191,86
"1000",1008,2019-07-10,46,5,"early_high","early","high","hyla",172.5,191,86
"1001",1009,2019-07-10,51,6,"late_med","late","med","hyla",141.1,191,86
"1002",1010,2019-07-10,54,6,"same_high","same","high","hyla",187.1,191,86
"1003",1012,2019-07-11,6,1,"same_low","same","low","hyla",206.6,192,87
"1004",1013,2019-07-11,8,1,"late_med","late","med","hyla",175.6,192,87
"1005",1014,2019-07-11,9,1,"late_low","late","low","hyla",144.8,192,87
"1006",1015,2019-07-11,14,2,"same_med","same","med","hyla",196.4,192,87
"1007",1016,2019-07-11,24,3,"early_med","early","med","hyla",196.3,192,87
"1008",1017,2019-07-11,38,4,"early_med","early","med","hyla",216.5,192,87
"1009",1018,2019-07-11,39,4,"late_med","late","med","hyla",181.8,192,87
"1010",1019,2019-07-11,39,4,"late_med","late","med","hyla",225,192,87
"1011",1020,2019-07-11,45,5,"late_low","late","low","hyla",180.4,192,87
"1012",1021,2019-07-11,45,5,"late_low","late","low","hyla",214.1,192,87
"1013",1022,2019-07-11,54,6,"same_high","same","high","hyla",209.2,192,87
"1014",1023,2019-07-11,56,6,"late_high","late","high","hyla",251.5,192,87
"1015",1024,2019-07-11,57,6,"same_low","same","low","hyla",170.9,192,87
"1016",1025,2019-07-12,1,1,"early_high","early","high","hyla",179.2,193,88
"1017",1026,2019-07-12,5,1,"same_med","same","med","hyla",175.4,193,88
"1018",1027,2019-07-12,5,1,"same_med","same","med","hyla",194.2,193,88
"1019",1028,2019-07-12,10,1,"cont_high","cont","high","hyla",155.1,193,88
"1020",1029,2019-07-12,11,2,"early_med","early","med","hyla",158.8,193,88
"1021",1030,2019-07-12,12,2,"same_low","same","low","hyla",234,193,88
"1022",1031,2019-07-12,13,2,"early_low","early","low","hyla",216.3,193,88
"1023",1032,2019-07-12,13,2,"early_low","early","low","hyla",230.9,193,88
"1024",1033,2019-07-12,13,2,"early_low","early","low","hyla",226,193,88
"1025",1034,2019-07-12,16,2,"late_med","late","med","hyla",169.7,193,88
"1026",1035,2019-07-12,19,2,"late_low","late","low","hyla",220.4,193,88
"1027",1036,2019-07-12,19,2,"late_low","late","low","hyla",178.7,193,88
"1028",1037,2019-07-12,24,3,"early_med","early","med","hyla",225.3,193,88
"1029",1038,2019-07-12,24,3,"early_med","early","med","hyla",254.6,193,88
"1030",1039,2019-07-12,32,4,"same_low","same","low","hyla",190.2,193,88
"1031",1040,2019-07-12,34,4,"same_high","same","high","hyla",186.5,193,88
"1032",1041,2019-07-12,34,4,"same_high","same","high","hyla",156.5,193,88
"1033",1042,2019-07-12,35,4,"same_med","same","med","hyla",166.3,193,88
"1034",1043,2019-07-12,36,4,"late_high","late","high","hyla",156.5,193,88
"1035",1044,2019-07-12,37,4,"early_high","early","high","hyla",356.7,193,88
"1036",1045,2019-07-12,39,4,"late_med","late","med","hyla",226.2,193,88
"1037",1046,2019-07-12,39,4,"late_med","late","med","hyla",177.7,193,88
"1038",1047,2019-07-12,43,5,"same_med","same","med","hyla",183.1,193,88
"1039",1048,2019-07-12,44,5,"same_high","same","high","hyla",225.4,193,88
"1040",1049,2019-07-12,49,5,"late_med","late","med","hyla",136.7,193,88
"1041",1050,2019-07-12,52,6,"early_high","early","high","hyla",246.9,193,88
"1042",1051,2019-07-12,59,6,"late_low","late","low","hyla",168.4,193,88
"1043",1052,2019-07-13,1,1,"early_high","early","high","hyla",175.1,194,89
"1044",1053,2019-07-13,1,1,"early_high","early","high","hyla",194.6,194,89
"1045",1054,2019-07-13,1,1,"early_high","early","high","hyla",183.8,194,89
"1046",1055,2019-07-13,5,1,"same_med","same","med","hyla",189.3,194,89
"1047",1056,2019-07-13,7,1,"late_high","late","high","hyla",136.7,194,89
"1048",1057,2019-07-13,7,1,"late_high","late","high","hyla",153.1,194,89
"1049",1058,2019-07-13,7,1,"late_high","late","high","hyla",135.4,194,89
"1050",1059,2019-07-13,10,1,"cont_high","cont","high","hyla",198.8,194,89
"1051",1060,2019-07-13,23,3,"late_low","late","low","hyla",170.1,194,89
"1052",1061,2019-07-13,34,4,"same_high","same","high","hyla",210.7,194,89
"1053",1062,2019-07-13,39,4,"late_med","late","med","hyla",251.4,194,89
"1054",1063,2019-07-13,39,4,"late_med","late","med","hyla",197.8,194,89
"1055",1064,2019-07-13,44,5,"same_high","same","high","hyla",205.1,194,89
"1056",1065,2019-07-13,44,5,"same_high","same","high","hyla",232,194,89
"1057",1066,2019-07-13,45,5,"late_low","late","low","hyla",212.5,194,89
"1058",1067,2019-07-13,54,6,"same_high","same","high","hyla",152.5,194,89
"1059",1068,2019-07-13,56,6,"late_high","late","high","hyla",NA,194,89
"1060",1069,2019-07-13,59,6,"late_low","late","low","hyla",167.8,194,89
"1061",1070,2019-07-13,59,6,"late_low","late","low","hyla",215,194,89
"1062",1071,2019-07-14,2,1,"early_med","early","med","hyla",160.6,195,90
"1063",1072,2019-07-14,2,1,"early_med","early","med","hyla",236.9,195,90
"1064",1073,2019-07-14,5,1,"same_med","same","med","hyla",157.9,195,90
"1065",1074,2019-07-14,6,1,"same_low","same","low","hyla",190.8,195,90
"1066",1075,2019-07-14,7,1,"late_high","late","high","hyla",180,195,90
"1067",1076,2019-07-14,7,1,"late_high","late","high","hyla",159.9,195,90
"1068",1077,2019-07-14,7,1,"late_high","late","high","hyla",182.8,195,90
"1069",1078,2019-07-14,13,2,"early_low","early","low","hyla",208.5,195,90
"1070",1079,2019-07-14,18,2,"late_high","late","high","hyla",157.9,195,90
"1071",1080,2019-07-14,19,2,"late_low","late","low","hyla",212.7,195,90
"1072",1081,2019-07-14,35,4,"same_med","same","med","hyla",183.3,195,90
"1073",1082,2019-07-14,38,4,"early_med","early","med","hyla",184.1,195,90
"1074",1083,2019-07-14,39,4,"late_med","late","med","hyla",183.1,195,90
"1075",1084,2019-07-14,43,5,"same_med","same","med","hyla",226.3,195,90
"1076",1085,2019-07-14,44,5,"same_high","same","high","hyla",196.6,195,90
"1077",1086,2019-07-14,45,5,"late_low","late","low","hyla",187.7,195,90
"1078",1087,2019-07-14,51,6,"late_med","late","med","hyla",290,195,90
"1079",1088,2019-07-14,56,6,"late_high","late","high","hyla",179.2,195,90
"1080",1089,2019-07-15,5,1,"same_med","same","med","hyla",184,196,91
"1081",1090,2019-07-15,6,1,"same_low","same","low","hyla",169.5,196,91
"1082",1091,2019-07-15,11,2,"early_med","early","med","hyla",189.8,196,91
"1083",1092,2019-07-15,11,2,"early_med","early","med","hyla",203.2,196,91
"1084",1093,2019-07-15,14,2,"same_med","same","med","hyla",191.9,196,91
"1085",1094,2019-07-15,18,2,"late_high","late","high","hyla",171.5,196,91
"1086",1095,2019-07-15,34,4,"same_high","same","high","hyla",215.2,196,91
"1087",1096,2019-07-15,39,4,"late_med","late","med","hyla",216.8,196,91
"1088",1097,2019-07-15,41,5,"late_high","late","high","hyla",172.4,196,91
"1089",1098,2019-07-15,45,5,"late_low","late","low","hyla",257.5,196,91
"1090",1099,2019-07-15,54,6,"same_high","same","high","hyla",190.2,196,91
"1091",1100,2019-07-15,56,6,"late_high","late","high","hyla",285.4,196,91
"1092",1101,2019-07-15,56,6,"late_high","late","high","hyla",262.1,196,91
"1093",1102,2019-07-15,58,6,"same_med","same","med","hyla",149,196,91
"1094",1103,2019-07-16,6,1,"same_low","same","low","hyla",150.3,197,92
"1095",1104,2019-07-16,11,2,"early_med","early","med","hyla",211.1,197,92
"1096",1105,2019-07-16,13,2,"early_low","early","low","hyla",210.7,197,92
"1097",1106,2019-07-16,14,2,"same_med","same","med","hyla",193.1,197,92
"1098",1107,2019-07-16,14,2,"same_med","same","med","hyla",205.1,197,92
"1099",1108,2019-07-16,34,4,"same_high","same","high","hyla",203.8,197,92
"1100",1109,2019-07-16,43,5,"same_med","same","med","hyla",130.6,197,92
"1101",1110,2019-07-16,43,5,"same_med","same","med","hyla",156.3,197,92
"1102",1111,2019-07-16,45,5,"late_low","late","low","hyla",261.1,197,92
"1103",1112,2019-07-16,45,5,"late_low","late","low","hyla",272.5,197,92
"1104",1113,2019-07-16,56,6,"late_high","late","high","hyla",228.1,197,92
"1105",1114,2019-07-16,59,6,"late_low","late","low","hyla",172.3,197,92
"1106",1115,2019-07-17,7,1,"late_high","late","high","hyla",154.8,198,93
"1107",1116,2019-07-17,7,1,"late_high","late","high","hyla",167.6,198,93
"1108",1117,2019-07-17,7,1,"late_high","late","high","hyla",132.8,198,93
"1109",1118,2019-07-17,14,2,"same_med","same","med","hyla",198.4,198,93
"1110",1119,2019-07-17,19,2,"late_low","late","low","hyla",219.6,198,93
"1111",1120,2019-07-17,35,4,"same_med","same","med","hyla",249.8,198,93
"1112",1121,2019-07-17,43,5,"same_med","same","med","hyla",157.5,198,93
"1113",1122,2019-07-17,44,5,"same_high","same","high","hyla",158.8,198,93
"1114",1123,2019-07-17,45,5,"late_low","late","low","hyla",216.9,198,93
"1115",1124,2019-07-17,51,6,"late_med","late","med","hyla",269.8,198,93
"1116",1125,2019-07-17,56,6,"late_high","late","high","hyla",225.3,198,93
"1117",1126,2019-07-18,1,1,"early_high","early","high","hyla",233.7,199,94
"1118",1127,2019-07-18,10,1,"cont_high","cont","high","hyla",208,199,94
"1119",1128,2019-07-18,18,2,"late_high","late","high","hyla",144.9,199,94
"1120",1129,2019-07-18,19,2,"late_low","late","low","hyla",222.9,199,94
"1121",1130,2019-07-18,45,5,"late_low","late","low","hyla",201.7,199,94
"1122",1131,2019-07-19,1,1,"early_high","early","high","hyla",202.4,200,95
"1123",1132,2019-07-19,11,2,"early_med","early","med","hyla",202.6,200,95
"1124",1133,2019-07-19,11,2,"early_med","early","med","hyla",217.9,200,95
"1125",1134,2019-07-19,13,2,"early_low","early","low","hyla",252.2,200,95
"1126",1135,2019-07-19,13,2,"early_low","early","low","hyla",303.9,200,95
"1127",1136,2019-07-19,34,4,"same_high","same","high","hyla",189.4,200,95
"1128",1137,2019-07-19,34,4,"same_high","same","high","hyla",161.2,200,95
"1129",1138,2019-07-19,44,5,"same_high","same","high","hyla",154.2,200,95
"1130",1139,2019-07-19,54,6,"same_high","same","high","hyla",159.5,200,95
"1131",1140,2019-07-19,56,6,"late_high","late","high","hyla",218.6,200,95
"1132",1141,2019-07-20,10,1,"cont_high","cont","high","hyla",162.9,201,96
"1133",1142,2019-07-20,17,2,"same_high","same","high","hyla",151.2,201,96
"1134",1143,2019-07-20,43,5,"same_med","same","med","hyla",177.8,201,96
"1135",1144,2019-07-21,5,1,"same_med","same","med","hyla",146.1,202,97
"1136",1145,2019-07-21,7,1,"late_high","late","high","hyla",159.2,202,97
"1137",1146,2019-07-21,11,2,"early_med","early","med","hyla",213.7,202,97
"1138",1147,2019-07-21,11,2,"early_med","early","med","hyla",225.8,202,97
"1139",1148,2019-07-21,19,2,"late_low","late","low","hyla",179.1,202,97
"1140",1149,2019-07-21,21,3,"same_med","same","med","hyla",229.9,202,97
"1141",1150,2019-07-21,43,5,"same_med","same","med","hyla",165.3,202,97
"1142",1151,2019-07-21,43,5,"same_med","same","med","hyla",212.7,202,97
"1143",1152,2019-07-21,44,5,"same_high","same","high","hyla",178.8,202,97
"1144",1153,2019-07-21,45,5,"late_low","late","low","hyla",272.2,202,97
"1145",1154,2019-07-21,56,6,"late_high","late","high","hyla",226.7,202,97
"1146",1155,2019-07-21,56,6,"late_high","late","high","hyla",256,202,97
"1147",1156,2019-07-22,1,1,"early_high","early","high","hyla",249.5,203,98
"1148",1157,2019-07-22,14,2,"same_med","same","med","hyla",191.6,203,98
"1149",1158,2019-07-22,19,2,"late_low","late","low","hyla",206.6,203,98
"1150",1159,2019-07-22,19,2,"late_low","late","low","hyla",206.3,203,98
"1151",1160,2019-07-22,41,5,"late_high","late","high","hyla",189.1,203,98
"1152",1161,2019-07-24,1,1,"early_high","early","high","hyla",204,205,100
"1153",1162,2019-07-24,2,1,"early_med","early","med","hyla",NA,205,100
"1154",1163,2019-07-24,10,1,"cont_high","cont","high","hyla",228.1,205,100
"1155",1164,2019-07-24,13,2,"early_low","early","low","hyla",382.1,205,100
"1156",1165,2019-07-24,19,2,"late_low","late","low","hyla",250.4,205,100
"1157",1166,2019-07-24,34,4,"same_high","same","high","hyla",NA,205,100
"1158",1167,2019-07-24,59,6,"late_low","late","low","hyla",239.9,205,100
"1159",1168,2019-07-25,4,1,"same_high","same","high","hyla",NA,206,101
"1160",1169,2019-07-25,8,1,"late_med","late","med","hyla",162.8,206,101
"1161",1170,2019-07-25,11,2,"early_med","early","med","hyla",271.5,206,101
"1162",1171,2019-07-25,17,2,"same_high","same","high","hyla",230.5,206,101
"1163",1172,2019-07-25,28,3,"late_high","late","high","hyla",NA,206,101
"1164",1173,2019-07-26,1,1,"early_high","early","high","hyla",208.9,207,102
"1165",1174,2019-07-26,7,1,"late_high","late","high","hyla",156.6,207,102
"1166",1175,2019-07-26,7,1,"late_high","late","high","hyla",194.7,207,102
"1167",1176,2019-07-26,10,1,"cont_high","cont","high","hyla",195.7,207,102
"1168",1177,2019-07-26,17,2,"same_high","same","high","hyla",188.1,207,102
"1169",1178,2019-07-26,19,2,"late_low","late","low","hyla",206.4,207,102
"1170",1179,2019-07-26,19,2,"late_low","late","low","hyla",275.5,207,102
"1171",1180,2019-07-26,54,6,"same_high","same","high","hyla",211.4,207,102
"1172",1181,2019-07-26,56,6,"late_high","late","high","hyla",295.9,207,102
"1173",1182,2019-07-27,10,1,"cont_high","cont","high","hyla",197.3,208,103
"1174",1183,2019-07-27,19,2,"late_low","late","low","hyla",274.9,208,103
"1175",1184,2019-07-27,19,2,"late_low","late","low","hyla",239.9,208,103
"1176",1185,2019-07-27,27,3,"late_med","late","med","hyla",211.3,208,103
"1177",1186,2019-07-28,5,1,"same_med","same","med","hyla",169.7,209,104
"1178",1187,2019-07-28,11,2,"early_med","early","med","hyla",NA,209,104
"1179",1188,2019-07-28,11,2,"early_med","early","med","hyla",236.1,209,104
"1180",1189,2019-07-28,18,2,"late_high","late","high","hyla",140.2,209,104
"1181",1190,2019-07-28,19,2,"late_low","late","low","hyla",212.5,209,104
"1182",1191,2019-07-28,28,3,"late_high","late","high","hyla",246.3,209,104
"1183",1192,2019-07-28,36,4,"late_high","late","high","hyla",205.2,209,104
"1184",1194,2019-07-29,11,2,"early_med","early","med","hyla",257.2,210,105
"1185",1195,2019-07-29,14,2,"same_med","same","med","hyla",233.9,210,105
"1186",1196,2019-07-29,18,2,"late_high","late","high","hyla",NA,210,105
"1187",1197,2019-07-29,19,2,"late_low","late","low","hyla",216.5,210,105
"1188",1198,2019-07-30,4,1,"same_high","same","high","hyla",NA,211,106
"1189",1199,2019-07-30,9,1,"late_low","late","low","hyla",215.1,211,106
"1190",1200,2019-07-30,41,5,"late_high","late","high","hyla",187.5,211,106
"1191",1201,2019-07-30,56,6,"late_high","late","high","hyla",267.3,211,106
"1192",1202,2019-07-30,58,6,"same_med","same","med","hyla",161.1,211,106
"1193",1203,2019-07-31,1,1,"early_high","early","high","hyla",249.1,212,107
"1194",1204,2019-07-31,5,1,"same_med","same","med","hyla",145.4,212,107
"1195",1205,2019-07-31,11,2,"early_med","early","med","hyla",209.6,212,107
"1196",1206,2019-07-31,27,3,"late_med","late","med","hyla",NA,212,107
"1197",1207,2019-07-31,41,5,"late_high","late","high","hyla",155.6,212,107
"1198",1209,2019-08-01,1,1,"early_high","early","high","hyla",220.3,213,108
"1199",1210,2019-08-01,7,1,"late_high","late","high","hyla",185.1,213,108
"1200",1211,2019-08-01,11,2,"early_med","early","med","hyla",269.8,213,108
"1201",1212,2019-08-01,16,2,"late_med","late","med","hyla",NA,213,108
"1202",1213,2019-08-01,28,3,"late_high","late","high","hyla",221.1,213,108
"1203",1214,2019-08-01,41,5,"late_high","late","high","hyla",201.6,213,108
"1204",1215,2019-08-01,49,5,"late_med","late","med","hyla",182.9,213,108
"1205",1216,2019-08-02,2,1,"early_med","early","med","hyla",211.8,214,109
"1206",1217,2019-08-02,7,1,"late_high","late","high","hyla",153.3,214,109
"1207",1218,2019-08-02,8,1,"late_med","late","med","hyla",207.2,214,109
"1208",1219,2019-08-02,9,1,"late_low","late","low","hyla",235.5,214,109
"1209",1220,2019-08-02,11,2,"early_med","early","med","hyla",326.6,214,109
"1210",1221,2019-08-02,17,2,"same_high","same","high","hyla",188.2,214,109
"1211",1222,2019-08-02,19,2,"late_low","late","low","hyla",NA,214,109
"1212",1223,2019-08-02,19,2,"late_low","late","low","hyla",282,214,109
"1213",1224,2019-08-02,28,3,"late_high","late","high","hyla",194.5,214,109
"1214",1225,2019-08-02,47,5,"same_low","same","low","hyla",246.6,214,109
"1215",1226,2019-08-03,10,1,"cont_high","cont","high","hyla",226.5,215,110
"1216",1227,2019-08-03,11,2,"early_med","early","med","hyla",384.5,215,110
"1217",1228,2019-08-03,11,2,"early_med","early","med","hyla",236.6,215,110
"1218",1229,2019-08-03,13,2,"early_low","early","low","hyla",307.1,215,110
"1219",1230,2019-08-03,14,2,"same_med","same","med","hyla",140.8,215,110
"1220",1231,2019-08-03,18,2,"late_high","late","high","hyla",230.7,215,110
"1221",1232,2019-08-03,21,3,"same_med","same","med","hyla",256,215,110
"1222",1233,2019-08-03,56,6,"late_high","late","high","hyla",293.6,215,110
"1223",1234,2019-08-04,2,1,"early_med","early","med","hyla",199.6,216,111
"1224",1235,2019-08-04,9,1,"late_low","late","low","hyla",251,216,111
"1225",1236,2019-08-04,11,2,"early_med","early","med","hyla",310.7,216,111
"1226",1237,2019-08-04,14,2,"same_med","same","med","hyla",218.4,216,111
"1227",1238,2019-08-04,27,3,"late_med","late","med","hyla",305.2,216,111
"1228",1239,2019-08-04,35,4,"same_med","same","med","hyla",184.6,216,111
"1229",1240,2019-08-04,36,4,"late_high","late","high","hyla",233.4,216,111
"1230",1241,2019-08-04,36,4,"late_high","late","high","hyla",229.1,216,111
"1231",1242,2019-08-04,36,4,"late_high","late","high","hyla",NA,216,111
"1232",1243,2019-08-04,49,5,"late_med","late","med","hyla",152.9,216,111
"1233",1244,2019-08-04,49,5,"late_med","late","med","hyla",210.5,216,111
"1234",1245,2019-08-05,19,2,"late_low","late","low","hyla",340.4,217,112
"1235",1246,2019-08-05,35,4,"same_med","same","med","hyla",276.7,217,112
"1236",1247,2019-08-05,36,4,"late_high","late","high","hyla",213.6,217,112
"1237",1249,2019-08-06,1,1,"early_high","early","high","hyla",263.3,218,113
"1238",1250,2019-08-06,2,1,"early_med","early","med","hyla",257.8,218,113
"1239",1251,2019-08-06,5,1,"same_med","same","med","hyla",180.2,218,113
"1240",1252,2019-08-06,5,1,"same_med","same","med","hyla",364.9,218,113
"1241",1253,2019-08-06,6,1,"same_low","same","low","hyla",212.6,218,113
"1242",1254,2019-08-06,8,1,"late_med","late","med","hyla",254.6,218,113
"1243",1255,2019-08-06,8,1,"late_med","late","med","hyla",222.1,218,113
"1244",1256,2019-08-06,9,1,"late_low","late","low","hyla",272.2,218,113
"1245",1257,2019-08-06,15,2,"early_high","early","high","hyla",181.5,218,113
"1246",1258,2019-08-06,17,2,"same_high","same","high","hyla",267.2,218,113
"1247",1259,2019-08-06,35,4,"same_med","same","med","hyla",209.1,218,113
"1248",1260,2019-08-06,36,4,"late_high","late","high","hyla",245.7,218,113
"1249",1261,2019-08-06,36,4,"late_high","late","high","hyla",253,218,113
"1250",1262,2019-08-07,4,1,"same_high","same","high","hyla",250.6,219,114
"1251",1263,2019-08-07,9,1,"late_low","late","low","hyla",258.3,219,114
"1252",1264,2019-08-07,14,2,"same_med","same","med","hyla",170.1,219,114
"1253",1265,2019-08-07,14,2,"same_med","same","med","hyla",236.5,219,114
"1254",1266,2019-08-07,36,4,"late_high","late","high","hyla",295.6,219,114
"1255",1267,2019-08-07,56,6,"late_high","late","high","hyla",320.7,219,114
"1256",1268,2019-08-08,5,1,"same_med","same","med","hyla",NA,220,115
"1257",1269,2019-08-08,7,1,"late_high","late","high","hyla",176.8,220,115
"1258",1270,2019-08-08,8,1,"late_med","late","med","hyla",255.2,220,115
"1259",1271,2019-08-08,17,2,"same_high","same","high","hyla",262.2,220,115
"1260",1272,2019-08-08,18,2,"late_high","late","high","hyla",275.4,220,115
"1261",1273,2019-08-08,49,5,"late_med","late","med","hyla",195.8,220,115
"1262",1274,2019-08-08,56,6,"late_high","late","high","hyla",248.8,220,115
"1263",1275,2019-08-09,4,1,"same_high","same","high","hyla",227.9,221,116
"1264",1276,2019-08-09,7,1,"late_high","late","high","hyla",196.5,221,116
"1265",1277,2019-08-09,10,1,"cont_high","cont","high","hyla",242.6,221,116
"1266",1278,2019-08-09,12,2,"same_low","same","low","hyla",232.8,221,116
"1267",1279,2019-08-09,17,2,"same_high","same","high","hyla",226.1,221,116
"1268",1280,2019-08-09,27,3,"late_med","late","med","hyla",280.3,221,116
"1269",1281,2019-08-10,1,1,"early_high","early","high","hyla",231.5,222,117
"1270",1282,2019-08-10,2,1,"early_med","early","med","hyla",214.5,222,117
"1271",1283,2019-08-10,5,1,"same_med","same","med","hyla",204.2,222,117
"1272",1284,2019-08-10,5,1,"same_med","same","med","hyla",183.6,222,117
"1273",1285,2019-08-10,7,1,"late_high","late","high","hyla",193.3,222,117
"1274",1286,2019-08-10,8,1,"late_med","late","med","hyla",234.1,222,117
"1275",1287,2019-08-10,17,2,"same_high","same","high","hyla",167.7,222,117
"1276",1288,2019-08-10,49,5,"late_med","late","med","hyla",188.3,222,117
"1277",1289,2019-08-11,8,1,"late_med","late","med","hyla",NA,223,118
"1278",1290,2019-08-11,16,2,"late_med","late","med","hyla",NA,223,118
"1279",1291,2019-08-11,17,2,"same_high","same","high","hyla",NA,223,118
"1280",1292,2019-08-11,19,2,"late_low","late","low","hyla",NA,223,118
"1281",1293,2019-08-11,31,4,"late_low","late","low","hyla",155,223,118
"1282",1294,2019-08-11,36,4,"late_high","late","high","hyla",190.3,223,118
"1283",1295,2019-08-11,41,5,"late_high","late","high","hyla",NA,223,118
"1284",1296,2019-08-11,43,5,"same_med","same","med","hyla",222.6,223,118
"1285",1297,2019-08-11,49,5,"late_med","late","med","hyla",NA,223,118
"1286",1298,2019-08-11,49,5,"late_med","late","med","hyla",164.6,223,118
"1287",1299,2019-08-12,1,1,"early_high","early","high","hyla",241.3,224,119
"1288",1300,2019-08-12,9,1,"late_low","late","low","hyla",158.5,224,119
"1289",1301,2019-08-12,17,2,"same_high","same","high","hyla",NA,224,119
"1290",1302,2019-08-12,17,2,"same_high","same","high","hyla",155.5,224,119
"1291",1303,2019-08-12,19,2,"late_low","late","low","hyla",285.4,224,119
"1292",1304,2019-08-12,19,2,"late_low","late","low","hyla",212.8,224,119
"1293",1305,2019-08-12,31,4,"late_low","late","low","hyla",224.2,224,119
"1294",1306,2019-08-12,36,4,"late_high","late","high","hyla",235.7,224,119
"1295",1307,2019-08-12,36,4,"late_high","late","high","hyla",230.7,224,119
"1296",1308,2019-08-12,41,5,"late_high","late","high","hyla",214.6,224,119
"1297",1309,2019-08-13,1,1,"early_high","early","high","hyla",318.6,225,120
"1298",1310,2019-08-13,16,2,"late_med","late","med","hyla",199,225,120
"1299",1311,2019-08-13,31,4,"late_low","late","low","hyla",201.2,225,120
"1300",1312,2019-08-13,36,4,"late_high","late","high","hyla",NA,225,120
"1301",1313,2019-08-14,5,1,"same_med","same","med","hyla",191.7,226,121
"1302",1314,2019-08-14,17,2,"same_high","same","high","hyla",184.3,226,121
"1303",1315,2019-08-14,21,3,"same_med","same","med","hyla",274.3,226,121
"1304",1316,2019-08-14,36,4,"late_high","late","high","hyla",NA,226,121
"1305",1317,2019-08-15,8,1,"late_med","late","med","hyla",208,227,122
"1306",1318,2019-08-15,8,1,"late_med","late","med","hyla",201.7,227,122
"1307",1319,2019-08-15,9,1,"late_low","late","low","hyla",196.3,227,122
"1308",1320,2019-08-15,16,2,"late_med","late","med","hyla",180,227,122
"1309",1321,2019-08-15,23,3,"late_low","late","low","hyla",231.7,227,122
"1310",1322,2019-08-15,27,3,"late_med","late","med","hyla",347.4,227,122
"1311",1323,2019-08-15,38,4,"early_med","early","med","hyla",269.2,227,122
"1312",1324,2019-08-15,41,5,"late_high","late","high","hyla",209.7,227,122
"1313",1325,2019-08-15,41,5,"late_high","late","high","hyla",189,227,122
"1314",1326,2019-08-16,7,1,"late_high","late","high","hyla",234.3,228,123
"1315",1327,2019-08-16,9,1,"late_low","late","low","hyla",182.5,228,123
"1316",1328,2019-08-16,14,2,"same_med","same","med","hyla",209.9,228,123
"1317",1329,2019-08-16,14,2,"same_med","same","med","hyla",231.9,228,123
"1318",1330,2019-08-16,18,2,"late_high","late","high","hyla",145.9,228,123
"1319",1331,2019-08-16,31,4,"late_low","late","low","hyla",239.1,228,123
"1320",1332,2019-08-16,32,4,"same_low","same","low","hyla",173.3,228,123
"1321",1333,2019-08-16,49,5,"late_med","late","med","hyla",155.3,228,123
"1322",1334,2019-08-17,8,1,"late_med","late","med","hyla",238,229,124
"1323",1335,2019-08-17,8,1,"late_med","late","med","hyla",268.6,229,124
"1324",1336,2019-08-17,41,5,"late_high","late","high","hyla",180.2,229,124
"1325",1337,2019-08-17,49,5,"late_med","late","med","hyla",164.4,229,124
"1326",1338,2019-08-18,7,1,"late_high","late","high","hyla",205.8,230,125
"1327",1339,2019-08-18,8,1,"late_med","late","med","hyla",193.7,230,125
"1328",1340,2019-08-18,14,2,"same_med","same","med","hyla",172.5,230,125
"1329",1341,2019-08-18,39,4,"late_med","late","med","hyla",149.4,230,125
"1330",1342,2019-08-19,2,1,"early_med","early","med","hyla",NA,231,126
"1331",1343,2019-08-19,7,1,"late_high","late","high","hyla",180.7,231,126
"1332",1344,2019-08-19,7,1,"late_high","late","high","hyla",209.6,231,126
"1333",1345,2019-08-19,8,1,"late_med","late","med","hyla",216.6,231,126
"1334",1346,2019-08-19,49,5,"late_med","late","med","hyla",228.5,231,126
"1335",1347,2019-08-20,7,1,"late_high","late","high","hyla",255,232,127
"1336",1348,2019-08-20,41,5,"late_high","late","high","hyla",195.4,232,127
"1337",1349,2019-08-21,4,1,"same_high","same","high","hyla",169.2,233,128
"1338",1350,2019-08-21,4,1,"same_high","same","high","hyla",166.8,233,128
"1339",1351,2019-08-21,18,2,"late_high","late","high","hyla",190.7,233,128
"1340",1352,2019-08-21,19,2,"late_low","late","low","hyla",NA,233,128
"1341",1353,2019-08-21,19,2,"late_low","late","low","hyla",210.2,233,128
"1342",1354,2019-08-21,21,3,"same_med","same","med","hyla",257,233,128
"1343",1355,2019-08-21,22,3,"same_high","same","high","hyla",167.7,233,128
"1344",1356,2019-08-21,41,5,"late_high","late","high","hyla",219.5,233,128
"1345",1357,2019-08-22,31,4,"late_low","late","low","hyla",182.9,234,129
"1346",1358,2019-08-23,1,1,"early_high","early","high","hyla",231.5,235,130
"1347",1359,2019-08-23,15,2,"early_high","early","high","hyla",NA,235,130
"1348",1360,2019-08-23,49,5,"late_med","late","med","hyla",NA,235,130
"1349",1363,2019-08-26,4,1,"same_high","same","high","hyla",211.7,238,133
"1350",1364,2019-08-26,15,2,"early_high","early","high","hyla",243,238,133
"1351",1365,2019-08-26,31,4,"late_low","late","low","hyla",247.7,238,133
"1352",1367,2019-08-27,7,1,"late_high","late","high","hyla",232.4,239,134
"1353",1368,2019-08-27,21,3,"same_med","same","med","hyla",211.4,239,134
"1354",1369,2019-08-27,31,4,"late_low","late","low","hyla",240.4,239,134
"1355",1370,2019-08-28,8,1,"late_med","late","med","hyla",NA,240,135
"1356",1371,2019-08-29,5,1,"same_med","same","med","hyla",201.8,241,136
"1357",1372,2019-08-29,27,3,"late_med","late","med","hyla",375,241,136
"1358",1373,2019-08-29,27,3,"late_med","late","med","hyla",NA,241,136
"1359",1374,2019-08-29,41,5,"late_high","late","high","hyla",244.4,241,136
"1360",1375,2019-08-30,31,4,"late_low","late","low","hyla",236,242,137
"1361",1376,2019-08-31,1,1,"early_high","early","high","hyla",186.6,243,138
"1362",1377,2019-08-31,27,3,"late_med","late","med","hyla",427,243,138
"1363",1378,2019-09-01,31,4,"late_low","late","low","hyla",231.1,244,139
"1364",1380,2019-09-02,5,1,"same_med","same","med","hyla",230.5,245,140
"1365",1381,2019-09-02,8,1,"late_med","late","med","hyla",205.4,245,140
"1366",1382,2019-09-04,4,1,"same_high","same","high","hyla",238.7,247,142
"1367",1383,2019-09-04,8,1,"late_med","late","med","hyla",239.8,247,142
"1368",1384,2019-09-04,8,1,"late_med","late","med","hyla",227.2,247,142
"1369",1385,2019-09-04,15,2,"early_high","early","high","hyla",240.6,247,142
"1370",1386,2019-09-04,22,3,"same_high","same","high","hyla",125.9,247,142
"1371",1387,2019-09-04,28,3,"late_high","late","high","hyla",178.3,247,142
"1372",1388,2019-09-04,44,5,"same_high","same","high","hyla",226.3,247,142
"1373",1389,2019-09-05,4,1,"same_high","same","high","hyla",192.1,248,143
"1374",1390,2019-09-05,34,4,"same_high","same","high","hyla",348.6,248,143
"1375",1391,2019-09-06,4,1,"same_high","same","high","hyla",233.7,249,144
"1376",1392,2019-09-06,34,4,"same_high","same","high","hyla",234.4,249,144
"1377",1393,2019-09-06,59,6,"late_low","late","low","hyla",217.8,249,144
"1378",1394,2019-09-06,59,6,"late_low","late","low","hyla",321.9,249,144
"1379",1395,2019-09-07,23,3,"late_low","late","low","hyla",226.8,250,145
"1380",1396,2019-09-07,59,6,"late_low","late","low","hyla",427.7,250,145
"1381",1397,2019-09-10,16,2,"late_med","late","med","hyla",212.7,253,148
"1382",1398,2019-09-10,28,3,"late_high","late","high","hyla",247.8,253,148
"1383",1399,2019-09-10,36,4,"late_high","late","high","hyla",218.3,253,148
"1384",1400,2019-09-11,34,4,"same_high","same","high","hyla",245,254,149
"1385",1401,2019-09-11,54,6,"same_high","same","high","hyla",179.4,254,149
"1386",1402,2019-09-12,8,1,"late_med","late","med","hyla",192.1,255,150
"1387",1403,2019-09-12,49,5,"late_med","late","med","hyla",198.2,255,150
"1388",1404,2019-09-14,28,3,"late_high","late","high","hyla",197.1,257,152
