no,date,tank,block,trt,order,sync,species,mass_mg
1,7-May,3,1,early_low,early,low,hyla,148.9
2,7-May,3,1,early_low,early,low,hyla,143.1
3,7-May,3,1,early_low,early,low,hyla,NA
4,7-May,5,1,same_med,same,med,hyla,155.7
5,7-May,12,2,same_low,same,low,hyla,142.2
6,7-May,20,2,cont_med,cont,med,hyla,186.8
7,7-May,25,3,same_low,same,low,hyla,158.1
8,7-May,25,3,same_low,same,low,hyla,183.5
9,7-May,29,3,early_low,early,low,hyla,208.4
10,7-May,29,3,early_low,early,low,hyla,199.3
11,7-May,29,3,early_low,early,low,hyla,252.2
12,7-May,29,3,early_low,early,low,hyla,234.4
13,7-May,29,3,early_low,early,low,hyla,215.7
14,7-May,30,3,cont_low,cont,low,hyla,309
15,7-May,32,4,same_low,same,low,hyla,235.2
16,7-May,32,4,same_low,same,low,hyla,183.1
17,7-May,32,4,same_low,same,low,hyla,279.2
18,7-May,33,4,early_low,early,low,hyla,184.4
19,7-May,33,4,early_low,early,low,hyla,179.5
20,7-May,33,4,early_low,early,low,hyla,141.6
21,7-May,33,4,early_low,early,low,hyla,195.7
22,7-May,38,4,early_med,early,med,hyla,188.7
23,7-May,42,5,early_low,early,low,hyla,217.6
24,7-May,42,5,early_low,early,low,hyla,257.4
25,7-May,42,5,early_low,early,low,hyla,217.1
26,7-May,42,5,early_low,early,low,hyla,191.2
27,7-May,42,5,early_low,early,low,hyla,199.6
28,7-May,47,5,same_low,same,low,hyla,157.6
29,7-May,55,6,early_low,early,low,hyla,198.5
30,7-May,55,6,early_low,early,low,hyla,203.6
31,7-May,55,6,early_low,early,low,hyla,180.7
32,7-May,55,6,early_low,early,low,hyla,205.8
33,7-May,55,6,early_low,early,low,hyla,179.1
34,7-May,57,6,same_low,same,low,hyla,197.5
35,8-May,2,1,early_med,early,med,hyla,143.8
36,8-May,3,1,early_low,early,low,hyla,162.7
37,8-May,6,1,same_low,same,low,hyla,170.5
38,8-May,23,3,late_low,late,low,hyla,143.1
39,8-May,24,3,early_med,early,med,hyla,161
40,8-May,25,3,same_low,same,low,hyla,165.4
41,8-May,25,3,same_low,same,low,hyla,190.3
42,8-May,25,3,same_low,same,low,hyla,162.3
43,8-May,25,3,same_low,same,low,hyla,119.5
44,8-May,20,2,cont_med,cont,med,hyla,269.2
45,8-May,20,2,cont_med,cont,med,hyla,209.6
46,8-May,29,3,early_low,early,low,hyla,259.7
47,8-May,31,4,late_low,late,low,hyla,120.3
48,8-May,32,4,same_low,same,low,hyla,135.3
49,8-May,33,4,early_low,early,low,hyla,204.1
50,8-May,35,4,same_med,same,med,hyla,133.3
51,8-May,38,4,early_med,early,med,hyla,172
52,8-May,42,5,early_low,early,low,hyla,163.2
53,8-May,47,5,same_low,same,low,hyla,183.1
54,8-May,53,6,early_med,early,med,hyla,156.4
55,8-May,53,6,early_med,early,med,hyla,148.3
56,8-May,55,6,early_low,early,low,hyla,135.5
57,8-May,55,6,early_low,early,low,hyla,157.7
58,8-May,55,6,early_low,early,low,hyla,166.2
59,8-May,57,6,same_low,same,low,hyla,158.7
60,8-May,57,6,same_low,same,low,hyla,153.8
61,8-May,60,6,cont_low,cont,low,hyla,272.5
62,8-May,60,6,cont_low,cont,low,hyla,234.1
63,9-May,2,1,early_med,early,med,hyla,132.5
64,9-May,2,1,early_med,early,med,hyla,139.8
65,9-May,5,1,same_med,same,med,hyla,146.5
66,9-May,5,1,same_med,same,med,hyla,122.3
67,9-May,5,1,same_med,same,med,hyla,151.8
68,9-May,6,1,same_low,same,low,hyla,141.2
69,9-May,11,2,early_med,early,med,hyla,151.3
70,9-May,11,2,early_med,early,med,hyla,133.4
71,9-May,20,2,cont_med,cont,med,hyla,288.1
72,9-May,20,2,cont_med,cont,med,hyla,217.9
73,9-May,21,3,same_med,same,med,hyla,110.8
74,9-May,24,3,early_med,early,med,hyla,151.2
75,9-May,24,3,early_med,early,med,hyla,136.4
76,9-May,24,3,early_med,early,med,hyla,176
77,9-May,29,3,early_low,early,low,hyla,196.6
78,9-May,29,3,early_low,early,low,hyla,208
79,9-May,30,3,cont_low,cont,low,hyla,157.7
80,9-May,30,3,cont_low,cont,low,hyla,214.6
81,9-May,30,3,cont_low,cont,low,hyla,198.8
82,9-May,30,3,cont_low,cont,low,hyla,261.8
83,9-May,32,4,same_low,same,low,hyla,134.3
84,9-May,33,4,early_low,early,low,hyla,203.3
85,9-May,35,4,same_med,same,med,hyla,127.9
86,9-May,35,4,same_med,same,med,hyla,118.5
87,9-May,38,4,early_med,early,med,hyla,159.3
88,9-May,38,4,early_med,early,med,hyla,138.6
89,9-May,42,5,early_low,early,low,hyla,176.8
90,9-May,42,5,early_low,early,low,hyla,160
91,9-May,42,5,early_low,early,low,hyla,169.7
92,9-May,47,5,same_low,same,low,hyla,178.7
93,9-May,47,5,same_low,same,low,hyla,175
94,9-May,48,5,early_med,early,med,hyla,187.1
95,9-May,48,5,early_med,early,med,hyla,239.2
96,9-May,48,5,early_med,early,med,hyla,227.7
97,9-May,48,5,early_med,early,med,hyla,204.3
98,9-May,48,5,early_med,early,med,hyla,213.6
99,9-May,48,5,early_med,early,med,hyla,269.9
100,9-May,48,5,early_med,early,med,hyla,268.7
101,9-May,50,5,cont_med,cont,med,hyla,168.1
102,9-May,50,5,cont_med,cont,med,hyla,163.8
103,9-May,50,5,cont_med,cont,med,hyla,174.8
104,9-May,53,6,early_med,early,med,hyla,NA
105,9-May,53,6,early_med,early,med,hyla,169.6
106,9-May,53,6,early_med,early,med,hyla,138.2
107,9-May,53,6,early_med,early,med,hyla,140.8
108,9-May,53,6,early_med,early,med,hyla,150.8
109,9-May,53,6,early_med,early,med,hyla,137.8
110,9-May,55,6,early_low,early,low,hyla,160.2
111,9-May,58,6,same_med,same,med,hyla,128.2
112,9-May,60,6,cont_low,cont,low,hyla,337.2
113,9-May,60,6,cont_low,cont,low,hyla,257
114,10-May,2,1,early_med,early,med,hyla,161
115,10-May,2,1,early_med,early,med,hyla,150.1
116,10-May,2,1,early_med,early,med,hyla,159.2
117,10-May,3,1,early_low,early,low,hyla,173.8
118,10-May,6,1,same_low,same,low,hyla,110.4
119,10-May,11,2,early_med,early,med,hyla,152.5
120,10-May,20,2,cont_med,cont,med,hyla,132.7
121,10-May,21,3,same_med,same,med,hyla,130.3
122,10-May,24,3,early_med,early,med,hyla,149.5
123,10-May,24,3,early_med,early,med,hyla,145
124,10-May,24,3,early_med,early,med,hyla,172.4
125,10-May,24,3,early_med,early,med,hyla,139.1
126,10-May,24,3,early_med,early,med,hyla,145.8
127,10-May,25,3,same_low,same,low,hyla,135.4
128,10-May,30,3,cont_low,cont,low,hyla,209
129,10-May,30,3,cont_low,cont,low,hyla,188.2
130,10-May,32,4,same_low,same,low,hyla,141
131,10-May,32,4,same_low,same,low,hyla,152.2
132,10-May,33,4,early_low,early,low,hyla,134.6
133,10-May,35,4,same_med,same,med,hyla,129.3
134,10-May,35,4,same_med,same,med,hyla,146.9
135,10-May,37,4,early_high,early,high,hyla,146.5
136,10-May,38,4,early_med,early,med,hyla,165.3
137,10-May,38,4,early_med,early,med,hyla,141.3
138,10-May,40,4,cont_high,cont,high,hyla,141.4
139,10-May,40,4,cont_high,cont,high,hyla,135.2
140,10-May,42,5,early_low,early,low,hyla,158.8
141,10-May,43,5,same_med,same,med,hyla,150.3
142,10-May,43,5,same_med,same,med,hyla,144.9
143,10-May,43,5,same_med,same,med,hyla,130.9
144,10-May,43,5,same_med,same,med,hyla,114.1
145,10-May,43,5,same_med,same,med,hyla,118
146,10-May,45,5,late_low,late,low,hyla,112.9
147,10-May,45,5,late_low,late,low,hyla,144
148,10-May,46,5,early_high,early,high,hyla,169.1
149,10-May,46,5,early_high,early,high,hyla,169.9
150,10-May,46,5,early_high,early,high,hyla,151
151,10-May,47,5,same_low,same,low,hyla,154.6
152,10-May,48,5,early_med,early,med,hyla,203.6
153,10-May,50,5,cont_med,cont,med,hyla,169.7
154,10-May,50,5,cont_med,cont,med,hyla,146.4
155,10-May,50,5,cont_med,cont,med,hyla,189.5
156,10-May,50,5,cont_med,cont,med,hyla,121.3
157,10-May,52,6,early_high,early,high,hyla,119.1
158,10-May,53,6,early_med,early,med,hyla,125.1
159,10-May,55,6,early_low,early,low,hyla,152.7
160,10-May,57,6,same_low,same,low,hyla,153.2
161,10-May,58,6,same_med,same,med,hyla,131.7
162,10-May,59,6,late_low,late,low,hyla,152.1
163,10-May,59,6,late_low,late,low,hyla,154.2
164,10-May,60,6,cont_low,cont,low,hyla,273.7
165,10-May,60,6,cont_low,cont,low,hyla,300.2
166,10-May,60,6,cont_low,cont,low,hyla,276.4
167,10-May,60,6,cont_low,cont,low,hyla,262
169,11-May,2,1,early_med,early,med,hyla,162.6
170,11-May,3,1,early_low,early,low,hyla,133.9
171,11-May,5,1,same_med,same,med,hyla,139.4
172,11-May,12,2,same_low,same,low,hyla,118
173,11-May,21,3,same_med,same,med,hyla,133.1
174,11-May,24,3,early_med,early,med,hyla,152
175,11-May,24,3,early_med,early,med,hyla,135
176,11-May,25,3,same_low,same,low,hyla,155.3
177,11-May,29,3,early_low,early,low,hyla,197.9
178,11-May,29,3,early_low,early,low,hyla,214.6
179,11-May,30,3,cont_low,cont,low,hyla,207.9
180,11-May,30,3,cont_low,cont,low,hyla,186
181,11-May,32,4,same_low,same,low,hyla,127.7
182,11-May,33,4,early_low,early,low,hyla,160.6
183,11-May,33,4,early_low,early,low,hyla,168.9
184,11-May,35,4,same_med,same,med,hyla,NA
185,11-May,35,4,same_med,same,med,hyla,139.6
186,11-May,38,4,early_med,early,med,hyla,163.9
187,11-May,40,4,cont_high,cont,high,hyla,NA
188,11-May,42,5,early_low,early,low,hyla,154.2
189,11-May,43,5,same_med,same,med,hyla,132.7
190,11-May,43,5,same_med,same,med,hyla,126.9
191,11-May,45,5,late_low,late,low,hyla,129.6
192,11-May,47,5,same_low,same,low,hyla,154.8
193,11-May,47,5,same_low,same,low,hyla,142.1
194,11-May,48,5,early_med,early,med,hyla,181.8
195,11-May,48,5,early_med,early,med,hyla,180.1
196,11-May,48,5,early_med,early,med,hyla,182.4
197,11-May,50,5,cont_med,cont,med,hyla,121
198,11-May,52,6,early_high,early,high,hyla,NA
199,11-May,57,6,same_low,same,low,hyla,154.6
200,11-May,57,6,same_low,same,low,hyla,140.1
201,11-May,58,6,same_med,same,med,hyla,171.5
202,11-May,58,6,same_med,same,med,hyla,136.2
203,11-May,60,6,cont_low,cont,low,hyla,209.8
204,12-May,2,1,early_med,early,med,hyla ,127.5
205,12-May,3,1,early_low,early,low,hyla,162.1
206,12-May,11,2,early_med,early,med,hyla ,116.6
207,12-May,20,2,cont_med,cont,med,hyla,182.3
208,12-May,20,2,cont_med,cont,med,hyla ,173.9
209,12-May,29,3,early_low,early,low,hyla,203.2
210,12-May,30,3,cont_low,cont,low,hyla ,210
211,12-May,30,3,cont_low,cont,low,hyla,222.2
212,12-May,30,3,cont_low,cont,low,hyla ,240.3
213,12-May,30,3,cont_low,cont,low,hyla,233
214,12-May,38,4,early_med,early,med,hyla ,139.7
215,12-May,38,4,early_med,early,med,hyla,158.6
216,12-May,40,4,cont_high,cont,high,hyla ,152.2
217,12-May,42,5,early_low,early,low,hyla,188.5
218,12-May,46,5,early_high,early,high,hyla ,149.8
219,12-May,58,6,same_med,same,med,hyla,142.5
220,12-May,59,6,late_low,late,low,hyla ,140.2
221,12-May,60,6,cont_low,cont,low,hyla,231.2
222,12-May,60,6,cont_low,cont,low,hyla ,216.9
223,12-May,60,6,cont_low,cont,low,hyla,222.2
224,13-May,2,1,early_med,early,med,hyla ,NA
225,13-May,6,1,same_low,same,low,hyla,119
226,13-May,11,2,early_med,early,med,hyla,108
227,13-May,12,2,same_low,same,low,hyla,130.3
228,13-May,20,2,cont_med,cont,med,hyla,181.6
229,13-May,23,3,late_low,late,low,hyla,131.7
230,13-May,25,3,same_low,same,low,hyla,113.2
231,13-May,29,3,early_low,early,low,hyla,184.5
232,13-May,35,4,same_med,same,med,hyla,135.1
233,13-May,38,4,early_med,early,med,hyla,111.7
234,13-May,38,4,early_med,early,med,hyla,136.9
235,13-May,38,4,early_med,early,med,hyla,134
236,13-May,38,4,early_med,early,med,hyla,134.2
237,13-May,40,4,cont_high,cont,high,hyla,173.8
238,13-May,46,5,early_high,early,high,hyla,172
239,13-May,52,6,early_high,early,high,hyla,142.6
240,13-May,57,6,same_low,same,low,hyla,149.4
241,13-May,57,6,same_low,same,low,hyla,155.8
242,13-May,57,6,same_low,same,low,hyla,146.6
243,13-May,59,6,late_low,late,low,hyla,140.9
244,13-May,59,6,late_low,late,low,hyla,149.5
245,13-May,60,6,cont_low,cont,low,hyla,198.7
246,14-May,11,2,early_med,early,med,hyla,118.8
247,14-May,15,2,early_high,early,high,hyla,260.1
248,14-May,20,2,cont_med,cont,med,hyla,115.6
249,14-May,21,3,same_med,same,med,hyla,107.9
250,14-May,26,3,early_high,early,high,hyla,103.5
251,14-May,26,3,early_high,early,high,hyla,115.3
252,14-May,26,3,early_high,early,high,hyla,119.2
253,14-May,29,3,early_low,early,low,hyla,192.9
254,14-May,31,4,late_low,late,low,hyla,120.4
255,14-May,32,4,same_low,same,low,hyla,157.5
256,14-May,33,4,early_low,early,low,hyla,151.3
257,14-May,33,4,early_low,early,low,hyla,113.2
258,14-May,35,4,same_med,same,med,hyla,129.3
259,14-May,37,4,early_high,early,high,hyla,107.7
260,14-May,38,4,early_med,early,med,hyla,147.3
261,14-May,40,4,cont_high,cont,high,hyla,162.2
262,14-May,40,4,cont_high,cont,high,hyla,124.8
263,14-May,40,4,cont_high,cont,high,hyla,132.1
264,14-May,40,4,cont_high,cont,high,hyla,169.6
265,14-May,46,5,early_high,early,high,hyla,125.6
266,14-May,47,5,same_low,same,low,hyla,122.7
267,14-May,50,5,cont_med,cont,med,hyla,136.9
268,14-May,51,6,late_med,late,med,hyla,115.3
269,14-May,52,6,early_high,early,high,hyla,135.2
270,14-May,52,6,early_high,early,high,hyla,113.2
271,14-May,55,6,early_low,early,low,hyla,152.2
272,14-May,57,6,same_low,same,low,hyla,109.8
273,14-May,59,6,late_low,late,low,hyla,115.1
274,14-May,59,6,late_low,late,low,hyla,117.3
275,14-May,60,6,cont_low,cont,low,hyla,203.4
276,15-May,3,1,early_low,early,low,hyla,143
277,15-May,3,1,early_low,early,low,hyla,134.3
278,15-May,20,2,cont_med,cont,med,hyla,NA
279,15-May,21,3,same_med,same,med,hyla,132.5
280,15-May,21,3,same_med,same,med,hyla,110.6
281,15-May,25,3,same_low,same,low,hyla,117
283,15-May,33,4,early_low,early,low,hyla,163.6
284,15-May,44,5,same_high,same,high,hyla,134.1
285,15-May,46,5,early_high,early,high,hyla,122.2
286,15-May,46,5,early_high,early,high,hyla,139.8
287,15-May,46,5,early_high,early,high,hyla,145.3
288,15-May,48,5,early_med,early,med,hyla,183.4
289,15-May,51,6,late_med,late,med,hyla,179.1
290,15-May,52,6,early_high,early,high,hyla,NA
291,15-May,55,6,early_low,early,low,hyla,158.5
292,15-May,59,6,late_low,late,low,hyla,127.4
293,16-May,12,2,same_low,same,low,hyla,120.4
294,16-May,20,2,cont_med,cont,med,hyla,194
295,16-May,26,3,early_high,early,high,hyla,NA
296,16-May,38,4,early_med,early,med,hyla,NA
297,16-May,40,4,cont_high,cont,high,hyla,143.2
298,16-May,42,5,early_low,early,low,hyla,138
299,16-May,47,5,same_low,same,low,hyla,134.3
300,16-May,47,5,same_low,same,low,hyla,164.9
301,16-May,48,5,early_med,early,med,hyla,192.9
302,16-May,48,5,early_med,early,med,hyla,178.7
303,16-May,51,6,late_med,late,med,hyla,144.1
304,16-May,52,6,early_high,early,high,hyla,139.4
305,16-May,59,6,late_low,late,low,hyla,NA
306,16-May,59,6,late_low,late,low,hyla,129.4
307,16-May,59,6,late_low,late,low,hyla,138.1
308,16-May,60,6,cont_low,cont,low,hyla,199
309,16-May,60,6,cont_low,cont,low,hyla,235.4
310,17-May,21,3,same_med,same,med,hyla,150.6
311,17-May,22,3,same_high,same,high,hyla,122.6
312,17-May,26,3,early_high,early,high,hyla,160.3
313,17-May,32,4,same_low,same,low,hyla,167.7
314,17-May,32,4,same_low,same,low,hyla,156.8
315,17-May,33,4,early_low,early,low,hyla,125.6
316,17-May,37,4,early_high,early,high,hyla,156
317,17-May,46,5,early_high,early,high,hyla,119.5
318,17-May,48,5,early_med,early,med,hyla,161.9
319,17-May,50,5,cont_med,cont,med,hyla,171
320,17-May,55,6,early_low,early,low,hyla,165.5
321,17-May,57,6,same_low,same,low,hyla,146.5
322,17-May,57,6,same_low,same,low,hyla,134.1
323,18-May,20,2,cont_med,cont,med,hyla,138
324,18-May,26,3,early_high,early,high,hyla,118.4
325,18-May,30,3,cont_low,cont,low,hyla,234.8
326,18-May,37,4,early_high,early,high,hyla,137.9
327,18-May,52,6,early_high,early,high,hyla,159.5
328,18-May,53,6,early_med,early,med,hyla,130.1
329,18-May,53,6,early_med,early,med,hyla,138.2
330,18-May,60,6,cont_low,cont,low,hyla,209.7
331,19-May,3,1,early_low,early,low,hyla,150.4
332,19-May,13,2,early_low,early,low,hyla,133.9
333,19-May,21,3,same_med,same,med,hyla,144.7
334,19-May,23,3,late_low,late,low,hyla,133.6
335,19-May,26,3,early_high,early,high,hyla,135.3
336,19-May,26,3,early_high,early,high,hyla,152
337,19-May,30,3,cont_low,cont,low,hyla,170.1
338,19-May,30,3,cont_low,cont,low,hyla,181.5
339,19-May,30,3,cont_low,cont,low,hyla,191.3
340,19-May,51,6,late_med,late,med,hyla,210.9
341,20-May,15,2,early_high,early,high,hyla,193.2
342,20-May,40,4,cont_high,cont,high,hyla,114.9
343,20-May,46,5,early_high,early,high,hyla,NA
344,20-May,46,5,early_high,early,high,hyla,106.9
345,20-May,48,5,early_med,early,med,hyla,164.7
346,20-May,52,6,early_high,early,high,hyla,153.2
347,20-May,55,6,early_low,early,low,hyla,239
348,21-May,20,2,cont_med,cont,med,hyla,164.8
349,21-May,24,3,early_med,early,med,hyla,129.6
350,21-May,30,3,cont_low,cont,low,hyla,161.5
351,21-May,33,4,early_low,early,low,hyla,144.5
352,21-May,40,4,cont_high,cont,high,hyla,NA
353,21-May,40,4,cont_high,cont,high,hyla,NA
354,21-May,46,5,early_high,early,high,hyla,155.2
355,21-May,50,5,cont_med,cont,med,hyla,162.1
356,21-May,52,6,early_high,early,high,hyla,135
357,22-May,21,3,same_med,same,med,hyla,148.9
358,22-May,21,3,same_med,same,med,hyla,141.4
359,22-May,24,3,early_med,early,med,hyla,125.7
360,22-May,32,4,same_low,same,low,hyla,188.7
361,22-May,38,4,early_med,early,med,hyla,156.9
362,22-May,38,4,early_med,early,med,hyla,146
363,22-May,42,5,early_low,early,low,hyla,171.8
364,22-May,46,5,early_high,early,high,hyla,135.5
365,22-May,50,5,cont_med,cont,med,hyla,185.5
366,22-May,52,6,early_high,early,high,hyla,138.5
367,22-May,60,6,cont_low,cont,low,hyla,244.1
368,23-May,23,3,late_low,late,low,hyla,148.6
369,23-May,40,4,cont_high,cont,high,hyla,159.7
370,23-May,40,4,cont_high,cont,high,hyla,158.2
371,23-May,40,4,cont_high,cont,high,hyla,182.6
372,23-May,40,4,cont_high,cont,high,hyla,160.2
373,23-May,50,5,cont_med,cont,med,hyla,207.4
374,23-May,50,5,cont_med,cont,med,hyla,151.9
375,23-May,60,6,cont_low,cont,low,hyla,261.3
376,24-May,15,2,early_high,early,high,hyla,144.3
377,24-May,20,2,cont_med,cont,med,hyla,163.5
378,24-May,40,4,cont_high,cont,high,hyla,158.8
379,24-May,50,5,cont_med,cont,med,hyla,154.6
380,24-May,60,6,cont_low,cont,low,hyla,258.4
381,25-May,15,2,early_high,early,high,hyla,157.8
382,25-May,30,3,cont_low,cont,low,hyla,140.7
383,25-May,37,4,early_high,early,high,hyla,145.1
384,25-May,38,4,early_med,early,med,hyla,147.9
385,25-May,51,6,late_med,late,med,hyla,142.3
386,25-May,53,6,early_med,early,med,hyla,161.2
387,25-May,53,6,early_med,early,med,hyla,144.9
388,25-May,60,6,cont_low,cont,low,hyla,241.2
389,26-May,14,2,same_med,same,med,hyla,132.9
390,26-May,23,3,late_low,late,low,hyla,118.7
391,26-May,29,3,early_low,early,low,hyla,170.5
392,26-May,30,3,cont_low,cont,low,hyla,161.6
393,26-May,30,3,cont_low,cont,low,hyla,192.4
394,26-May,31,4,late_low,late,low,hyla,143.8
395,26-May,40,4,cont_high,cont,high,hyla,152.8
396,26-May,40,4,cont_high,cont,high,hyla,147.9
397,26-May,40,4,cont_high,cont,high,hyla,154
398,26-May,42,5,early_low,early,low,hyla,203.8
399,26-May,48,5,early_med,early,med,hyla,154.3
400,26-May,50,5,cont_med,cont,med,hyla,192
401,27-May,24,3,early_med,early,med,hyla,156.2
402,27-May,24,3,early_med,early,med,hyla,147.7
403,27-May,26,3,early_high,early,high,hyla,122.7
404,27-May,29,3,early_low,early,low,hyla,NA
405,27-May,29,3,early_low,early,low,hyla,152.1
406,27-May,40,4,cont_high,cont,high,hyla,NA
407,27-May,46,5,early_high,early,high,hyla,155
408,27-May,50,5,cont_med,cont,med,hyla,204.1
409,27-May,52,6,early_high,early,high,hyla,129.1
410,27-May,52,6,early_high,early,high,hyla,129.1
411,27-May,53,6,early_med,early,med,hyla,173.3
412,27-May,53,6,early_med,early,med,hyla,157
413,27-May,53,6,early_med,early,med,hyla,176
414,27-May,60,6,cont_low,cont,low,hyla,206.6
415,28-May,1,1,early_high,early,high,hyla,153
416,28-May,15,2,early_high,early,high,hyla,134.5
417,28-May,17,2,same_high,same,high,hyla,129
418,28-May,20,2,cont_med,cont,med,hyla,205.6
419,28-May,37,4,early_high,early,high,hyla,147.6
420,28-May,40,4,cont_high,cont,high,hyla,151.3
421,28-May,42,5,early_low,early,low,hyla,173
422,28-May,55,6,early_low,early,low,hyla,142.6
423,29-May,13,2,early_low,early,low,hyla,NA
424,29-May,20,2,cont_med,cont,med,hyla,199.6
425,29-May,25,3,same_low,same,low,hyla,131.8
426,29-May,35,4,same_med,same,med,hyla,167.8
427,29-May,37,4,early_high,early,high,hyla,141.3
428,29-May,37,4,early_high,early,high,hyla,123.4
429,29-May,37,4,early_high,early,high,hyla,152.5
430,29-May,48,5,early_med,early,med,hyla,193.1
431,30-May,3,1,early_low,early,low,hyla,195.7
433,30-May,3,1,early_low,early,low,hyla,227.5
434,30-May,26,3,early_high,early,high,hyla,158.1
435,30-May,29,3,early_low,early,low,hyla,150.2
436,30-May,30,3,cont_low,cont,low,hyla,265.3
437,30-May,37,4,early_high,early,high,hyla,157.8
438,30-May,42,5,early_low,early,low,hyla,179
439,30-May,44,5,same_high,same,high,hyla,149.9
440,30-May,48,5,early_med,early,med,hyla,183.3
441,30-May,53,6,early_med,early,med,hyla,160.9
442,30-May,55,6,early_low,early,low,hyla,189.5
443,31-May,3,1,early_low,early,low,hyla,211
444,31-May,20,2,cont_med,cont,med,hyla,195.8
445,31-May,25,3,same_low,same,low,hyla,162.4
446,31-May,38,4,early_med,early,med,hyla,165.5
447,31-May,40,4,cont_high,cont,high,hyla,NA
448,31-May,45,5,late_low,late,low,hyla,132.1
449,31-May,48,5,early_med,early,med,hyla,211.3
450,31-May,48,5,early_med,early,med,hyla,182.5
451,1-Jun,1,1,early_high,early,high,hyla,156.1
452,1-Jun,2,1,early_med,early,med,hyla,163
453,1-Jun,3,1,early_low,early,low,hyla,151.8
454,1-Jun,3,1,early_low,early,low,hyla,191.2
455,1-Jun,15,2,early_high,early,high,hyla,NA
456,1-Jun,36,4,late_high,late,high,hyla,115.6
457,1-Jun,38,4,early_med,early,med,hyla,188
458,1-Jun,42,5,early_low,early,low,hyla,216.6
459,1-Jun,52,6,early_high,early,high,hyla,164
460,2-Jun,20,2,cont_med,cont,med,hyla,138.8
461,2-Jun,21,3,same_med,same,med,hyla,163.9
462,2-Jun,33,4,early_low,early,low,hyla,158
463,2-Jun,33,4,early_low,early,low,hyla,NA
464,2-Jun,35,4,same_med,same,med,hyla,165.7
465,2-Jun,40,4,cont_high,cont,high,hyla,NA
466,2-Jun,46,5,early_high,early,high,hyla,178.4
467,2-Jun,47,5,same_low,same,low,hyla,142.3
468,2-Jun,50,5,cont_med,cont,med,hyla,178.9
469,2-Jun,53,6,early_med,early,med,hyla,191.8
470,2-Jun,55,6,early_low,early,low,hyla,NA
471,3-Jun,1,1,early_high,early,high,hyla,NA
472,3-Jun,1,1,early_high,early,high,hyla,125.1
473,3-Jun,3,1,early_low,early,low,hyla,173.8
474,3-Jun,24,3,early_med,early,med,hyla,149.5
475,3-Jun,26,3,early_high,early,high,hyla,203.2
476,3-Jun,29,3,early_low,early,low,hyla,177.9
477,3-Jun,30,3,cont_low,cont,low,hyla,327.9
478,3-Jun,40,4,cont_high,cont,high,hyla,NA
479,3-Jun,40,4,cont_high,cont,high,hyla,173.5
480,3-Jun,42,5,early_low,early,low,hyla,187.5
481,3-Jun,48,5,early_med,early,med,hyla,174.7
482,3-Jun,50,5,cont_med,cont,med,hyla,NA
483,3-Jun,50,5,cont_med,cont,med,hyla,212.9
484,3-Jun,50,5,cont_med,cont,med,hyla,179.7
485,3-Jun,53,6,early_med,early,med,hyla,169.1
486,3-Jun,57,6,same_low,same,low,hyla,142.8
487,3-Jun,60,6,cont_low,cont,low,hyla,239
488,4-Jun,20,2,cont_med,cont,med,hyla,197
489,4-Jun,21,3,same_med,same,med,hyla,199.9
490,4-Jun,21,3,same_med,same,med,hyla,187.6
491,4-Jun,24,3,early_med,early,med,hyla,175.4
492,4-Jun,40,4,cont_high,cont,high,hyla,NA
493,4-Jun,40,4,cont_high,cont,high,hyla,172.5
494,4-Jun,57,6,same_low,same,low,hyla,181.5
495,4-Jun,60,6,cont_low,cont,low,hyla,273.3
496,5-Jun,3,1,early_low,early,low,hyla,223.7
497,5-Jun,11,2,early_med,early,med,hyla,157.8
498,5-Jun,20,2,cont_med,cont,med,hyla,193.2
499,5-Jun,30,3,cont_low,cont,low,hyla,278.2
500,5-Jun,50,5,cont_med,cont,med,hyla,245.5
501,5-Jun,60,6,cont_low,cont,low,hyla,284.7
502,6-Jun,3,1,early_low,early,low,hyla,215.6
503,6-Jun,10,1,cont_high,cont,high,hyla,141.3
504,6-Jun,21,3,same_med,same,med,hyla,187.5
505,6-Jun,26,3,early_high,early,high,hyla,205.4
506,6-Jun,26,3,early_high,early,high,hyla,180.3
507,6-Jun,26,3,early_high,early,high,hyla,187.2
508,6-Jun,26,3,early_high,early,high,hyla,222
509,6-Jun,26,3,early_high,early,high,hyla,163.5
510,6-Jun,33,4,early_low,early,low,hyla,177.7
511,6-Jun,36,4,late_high,late,high,hyla,137.4
512,6-Jun,40,4,cont_high,cont,high,hyla,263.5
513,6-Jun,42,5,early_low,early,low,hyla,181.9
514,6-Jun,44,5,same_high,same,high,hyla,155.7
515,6-Jun,46,5,early_high,early,high,hyla,196.6
516,6-Jun,53,6,early_med,early,med,hyla,176.9
517,6-Jun,55,6,early_low,early,low,hyla,195.6
518,7-Jun,2,1,early_med,early,med,hyla,180.6
519,7-Jun,3,1,early_low,early,low,hyla,214.9
520,7-Jun,3,1,early_low,early,low,hyla,227.4
521,7-Jun,3,1,early_low,early,low,hyla,237.2
522,7-Jun,20,2,cont_med,cont,med,hyla,231.7
523,7-Jun,26,3,early_high,early,high,hyla,268.6
524,7-Jun,37,4,early_high,early,high,hyla,167.8
525,7-Jun,40,4,cont_high,cont,high,hyla,217.2
526,7-Jun,42,5,early_low,early,low,hyla,186.9
527,7-Jun,44,5,same_high,same,high,hyla,145.9
528,7-Jun,47,5,same_low,same,low,hyla,172.8
529,7-Jun,51,6,late_med,late,med,hyla,175.7
530,7-Jun,55,6,early_low,early,low,hyla,216
531,7-Jun,57,6,same_low,same,low,hyla,212
532,8-Jun,2,1,early_med,early,med,hyla,132.6
533,8-Jun,6,1,same_low,same,low,hyla,162.1
534,8-Jun,10,1,cont_high,cont,high,hyla,179.2
535,8-Jun,11,2,early_med,early,med,hyla,144.9
536,8-Jun,15,2,early_high,early,high,hyla,147.1
537,8-Jun,25,3,same_low,same,low,hyla,202.6
538,8-Jun,32,4,same_low,same,low,hyla,142.3
539,8-Jun,38,4,early_med,early,med,hyla,190
540,8-Jun,46,5,early_high,early,high,hyla,240.2
541,8-Jun,51,6,late_med,late,med,hyla,192.7
542,9-Jun,20,2,cont_med,cont,med,hyla,NA
543,9-Jun,25,3,same_low,same,low,hyla,222.2
544,9-Jun,26,3,early_high,early,high,hyla,187.5
545,9-Jun,26,3,early_high,early,high,hyla,225.9
546,9-Jun,26,3,early_high,early,high,hyla,200.6
547,9-Jun,29,3,early_low,early,low,hyla,NA
548,9-Jun,29,3,early_low,early,low,hyla,213.2
549,9-Jun,33,4,early_low,early,low,hyla,181.4
550,9-Jun,34,4,same_high,same,high,hyla,130.7
551,9-Jun,38,4,early_med,early,med,hyla,198
552,9-Jun,38,4,early_med,early,med,hyla,203.8
553,9-Jun,42,5,early_low,early,low,hyla,198.8
554,9-Jun,44,5,same_high,same,high,hyla,157.2
555,9-Jun,46,5,early_high,early,high,hyla,176.1
556,9-Jun,58,6,same_med,same,med,hyla,160.7
557,9-Jun,58,6,same_med,same,med,hyla,212.3
558,10-Jun,1,1,early_high,early,high,hyla,151.6
559,10-Jun,3,1,early_low,early,low,hyla,174.4
560,10-Jun,12,2,same_low,same,low,hyla,183.3
561,10-Jun,12,2,same_low,same,low,hyla,179.1
562,10-Jun,20,2,cont_med,cont,med,hyla,244.4
563,10-Jun,26,3,early_high,early,high,hyla,231.3
564,10-Jun,26,3,early_high,early,high,hyla,219.6
565,10-Jun,29,3,early_low,early,low,hyla,208.2
566,10-Jun,30,3,cont_low,cont,low,hyla,435.4
567,10-Jun,35,4,same_med,same,med,hyla,223.3
568,10-Jun,37,4,early_high,early,high,hyla,160
569,10-Jun,37,4,early_high,early,high,hyla,170.2
570,10-Jun,37,4,early_high,early,high,hyla,185.2
571,10-Jun,37,4,early_high,early,high,hyla,156.9
572,10-Jun,39,4,late_med,late,med,hyla,166.3
573,10-Jun,42,5,early_low,early,low,hyla,278.2
574,10-Jun,46,5,early_high,early,high,hyla,203.1
575,10-Jun,46,5,early_high,early,high,hyla,134
576,10-Jun,51,6,late_med,late,med,hyla,221
577,10-Jun,52,6,early_high,early,high,hyla,193.5
578,10-Jun,59,6,late_low,late,low,hyla,162.7
579,10-Jun,60,6,cont_low,cont,low,hyla,NA
580,11-Jun,10,1,cont_high,cont,high,hyla,152.6
581,11-Jun,24,3,early_med,early,med,hyla,150.3
582,11-Jun,33,4,early_low,early,low,hyla,249.2
583,11-Jun,33,4,early_low,early,low,hyla,218.6
584,11-Jun,38,4,early_med,early,med,hyla,214.9
585,11-Jun,40,4,cont_high,cont,high,hyla,212.6
586,11-Jun,42,5,early_low,early,low,hyla,204.9
587,11-Jun,46,5,early_high,early,high,hyla,201.5
588,11-Jun,48,5,early_med,early,med,hyla,240
589,11-Jun,50,5,cont_med,cont,med,hyla,253.8
590,11-Jun,52,6,early_high,early,high,hyla,200
591,12-Jun,1,1,early_high,early,high,hyla,204.8
592,12-Jun,3,1,early_low,early,low,hyla,187.5
593,12-Jun,3,1,early_low,early,low,hyla,232.9
594,12-Jun,37,4,early_high,early,high,hyla,201.8
595,12-Jun,51,6,late_med,late,med,hyla,213
596,13-Jun,1,1,early_high,early,high,hyla,NA
597,13-Jun,1,1,early_high,early,high,hyla,131.5
598,13-Jun,3,1,early_low,early,low,hyla,232.1
599,13-Jun,3,1,early_low,early,low,hyla,211.4
600,13-Jun,15,2,early_high,early,high,hyla,NA
601,13-Jun,24,3,early_med,early,med,hyla,162.4
602,13-Jun,29,3,early_low,early,low,hyla,NA
603,13-Jun,29,3,early_low,early,low,hyla,219.2
604,13-Jun,35,4,same_med,same,med,hyla,NA
605,13-Jun,37,4,early_high,early,high,hyla,212.5
606,13-Jun,39,4,late_med,late,med,hyla,216.6
607,13-Jun,40,4,cont_high,cont,high,hyla,233.8
608,13-Jun,43,5,same_med,same,med,hyla,139.1
609,13-Jun,46,5,early_high,early,high,hyla,239.5
610,13-Jun,51,6,late_med,late,med,hyla,212.6
611,13-Jun,52,6,early_high,early,high,hyla,NA
612,13-Jun,53,6,early_med,early,med,hyla,250.2
613,13-Jun,55,6,early_low,early,low,hyla,308.7
614,13-Jun,57,6,same_low,same,low,hyla,206.3
615,13-Jun,57,6,same_low,same,low,hyla,215.4
616,13-Jun,60,6,cont_low,cont,low,hyla,335.4
617,14-Jun,9,1,late_low,late,low,hyla,208.2
618,14-Jun,17,2,same_high,same,high,hyla,216.8
619,14-Jun,37,4,early_high,early,high,hyla,201.8
620,14-Jun,43,5,same_med,same,med,hyla,NA
621,14-Jun,46,5,early_high,early,high,hyla,272.4
622,14-Jun,47,5,same_low,same,low,hyla,192.8
623,14-Jun,48,5,early_med,early,med,hyla,219.8
624,14-Jun,54,6,same_high,same,high,hyla,177.5
625,14-Jun,57,6,same_low,same,low,hyla,216.1
626,15-Jun,5,1,same_med,same,med,hyla,179
627,15-Jun,9,1,late_low,late,low,hyla,156.8
628,15-Jun,20,2,cont_med,cont,med,hyla,200.9
629,15-Jun,24,3,early_med,early,med,hyla,163.9
630,15-Jun,45,5,late_low,late,low,hyla,181.8
631,15-Jun,46,5,early_high,early,high,hyla,185.2
632,15-Jun,48,5,early_med,early,med,hyla,307.4
633,15-Jun,54,6,same_high,same,high,hyla,160.5
634,15-Jun,58,6,same_med,same,med,hyla,203.5
635,16-Jun,9,1,late_low,late,low,hyla,178.4
636,16-Jun,17,2,same_high,same,high,hyla,207.9
637,16-Jun,21,3,same_med,same,med,hyla,218.2
638,16-Jun,25,3,same_low,same,low,hyla,190.9
639,16-Jun,29,3,early_low,early,low,hyla,270.5
640,16-Jun,35,4,same_med,same,med,hyla,266.6
641,16-Jun,40,4,cont_high,cont,high,hyla,NA
642,16-Jun,46,5,early_high,early,high,hyla,261.1
643,16-Jun,50,5,cont_med,cont,med,hyla,NA
644,16-Jun,50,5,cont_med,cont,med,hyla,225.2
645,16-Jun,51,6,late_med,late,med,hyla,207.7
646,16-Jun,52,6,early_high,early,high,hyla,189.8
647,16-Jun,56,6,late_high,late,high,hyla,224.3
648,16-Jun,57,6,same_low,same,low,hyla,171.6
649,17-Jun,2,1,early_med,early,med,hyla,189.6
650,17-Jun,3,1,early_low,early,low,hyla,220.4
651,17-Jun,10,1,cont_high,cont,high,hyla,164.7
652,17-Jun,12,2,same_low,same,low,hyla,201.4
653,17-Jun,25,3,same_low,same,low,hyla,199.5
654,17-Jun,26,3,early_high,early,high,hyla,187.3
655,17-Jun,33,4,early_low,early,low,hyla,NA
656,17-Jun,36,4,late_high,late,high,hyla,178.2
657,17-Jun,37,4,early_high,early,high,hyla,237.1
658,17-Jun,37,4,early_high,early,high,hyla,249.7
659,17-Jun,37,4,early_high,early,high,hyla,280.7
660,17-Jun,37,4,early_high,early,high,hyla,216.7
661,17-Jun,42,5,early_low,early,low,hyla,256.3
662,17-Jun,45,5,late_low,late,low,hyla,209.4
663,17-Jun,45,5,late_low,late,low,hyla,161.1
664,17-Jun,45,5,late_low,late,low,hyla,218
665,17-Jun,50,5,cont_med,cont,med,hyla,330.7
666,17-Jun,53,6,early_med,early,med,hyla,250.2
667,17-Jun,53,6,early_med,early,med,hyla,239.3
668,18-Jun,2,1,early_med,early,med,hyla,NA
669,18-Jun,6,1,same_low,same,low,hyla,173.4
670,18-Jun,20,2,cont_med,cont,med,hyla,242.6
671,18-Jun,24,3,early_med,early,med,hyla,170.8
672,18-Jun,25,3,same_low,same,low,hyla,228.5
673,18-Jun,26,3,early_high,early,high,hyla,202.3
674,18-Jun,26,3,early_high,early,high,hyla,241.8
675,18-Jun,35,4,same_med,same,med,hyla,154.7
676,18-Jun,38,4,early_med,early,med,hyla,234
677,18-Jun,38,4,early_med,early,med,hyla,211
678,18-Jun,38,4,early_med,early,med,hyla,206.3
679,18-Jun,43,5,same_med,same,med,hyla,186.8
680,18-Jun,46,5,early_high,early,high,hyla,217.7
681,18-Jun,47,5,same_low,same,low,hyla,210.6
682,18-Jun,47,5,same_low,same,low,hyla,171.6
683,18-Jun,52,6,early_high,early,high,hyla,213.8
684,18-Jun,52,6,early_high,early,high,hyla,175.3
685,18-Jun,53,6,early_med,early,med,hyla,231.6
686,19-Jun,1,1,early_high,early,high,hyla,171.1
687,19-Jun,2,1,early_med,early,med,hyla,190.8
688,19-Jun,10,1,cont_high,cont,high,hyla,139.2
689,19-Jun,12,2,same_low,same,low,hyla,170.2
690,19-Jun,13,2,early_low,early,low,hyla,181.6
691,19-Jun,17,2,same_high,same,high,hyla,157.3
692,19-Jun,17,2,same_high,same,high,hyla,177.8
693,19-Jun,21,3,same_med,same,med,hyla,135.5
694,19-Jun,37,4,early_high,early,high,hyla,229.5
695,19-Jun,47,5,same_low,same,low,hyla,222.1
696,19-Jun,48,5,early_med,early,med,hyla,230.2
697,19-Jun,52,6,early_high,early,high,hyla,228.4
698,19-Jun,52,6,early_high,early,high,hyla,192.6
699,19-Jun,53,6,early_med,early,med,hyla,232.4
700,19-Jun,53,6,early_med,early,med,hyla,225.8
701,19-Jun,53,6,early_med,early,med,hyla,279.5
702,19-Jun,53,6,early_med,early,med,hyla,223.8
703,19-Jun,57,6,same_low,same,low,hyla,193.8
704,19-Jun,58,6,same_med,same,med,hyla,183.4
705,20-Jun,3,1,early_low,early,low,hyla,239
706,20-Jun,9,1,late_low,late,low,hyla,170.3
707,20-Jun,10,1,cont_high,cont,high,hyla,170.9
708,20-Jun,12,2,same_low,same,low,hyla,195.8
709,20-Jun,14,2,same_med,same,med,hyla,169.7
710,20-Jun,24,3,early_med,early,med,hyla,181.2
711,20-Jun,25,3,same_low,same,low,hyla,282.3
712,20-Jun,36,4,late_high,late,high,hyla,187.6
713,20-Jun,36,4,late_high,late,high,hyla,189.5
714,20-Jun,37,4,early_high,early,high,hyla,224
715,20-Jun,39,4,late_med,late,med,hyla,183.4
716,20-Jun,42,5,early_low,early,low,hyla,242.4
717,20-Jun,47,5,same_low,same,low,hyla,263.2
718,20-Jun,48,5,early_med,early,med,hyla,260.7
719,20-Jun,54,6,same_high,same,high,hyla,159
720,20-Jun,56,6,late_high,late,high,hyla,218.7
721,21-Jun,2,1,early_med,early,med,hyla,187.3
722,21-Jun,6,1,same_low,same,low,hyla,171.8
723,21-Jun,15,2,early_high,early,high,hyla,181.4
724,21-Jun,20,2,cont_med,cont,med,hyla,245
725,21-Jun,21,3,same_med,same,med,hyla,210.7
726,21-Jun,25,3,same_low,same,low,hyla,284.6
727,21-Jun,26,3,early_high,early,high,hyla,228.5
728,21-Jun,32,4,same_low,same,low,hyla,211.5
729,21-Jun,33,4,early_low,early,low,hyla,265.3
731,21-Jun,36,4,late_high,late,high,hyla,166.4
732,21-Jun,37,4,early_high,early,high,hyla,237.7
733,21-Jun,37,4,early_high,early,high,hyla,290.1
734,21-Jun,39,4,late_med,late,med,hyla,187.4
735,21-Jun,40,4,cont_high,cont,high,hyla,346.3
736,21-Jun,47,5,same_low,same,low,hyla,208.6
737,21-Jun,47,5,same_low,same,low,hyla,223.8
738,21-Jun,50,5,cont_med,cont,med,hyla,270.4
739,21-Jun,50,5,cont_med,cont,med,hyla,237.7
740,21-Jun,51,6,late_med,late,med,hyla,166.4
741,21-Jun,51,6,late_med,late,med,hyla,217
742,21-Jun,53,6,early_med,early,med,hyla,230.3
743,21-Jun,54,6,same_high,same,high,hyla,218.2
745,21-Jun,56,6,late_high,late,high,hyla,223.4
746,21-Jun,57,6,same_low,same,low,hyla,204.4
747,21-Jun,57,6,same_low,same,low,hyla,175.6
748,22-Jun,2,1,early_med,early,med,hyla,160.7
749,22-Jun,4,1,same_high,same,high,hyla,150.2
750,22-Jun,9,1,late_low,late,low,hyla,131.9
751,22-Jun,11,2,early_med,early,med,hyla,146.2
752,22-Jun,12,2,same_low,same,low,hyla,153.1
753,22-Jun,17,2,same_high,same,high,hyla,177.2
754,22-Jun,24,3,early_med,early,med,hyla,184.1
755,22-Jun,24,3,early_med,early,med,hyla,184.2
756,22-Jun,28,3,late_high,late,high,hyla,176.8
757,22-Jun,38,4,early_med,early,med,hyla,261.4
758,22-Jun,38,4,early_med,early,med,hyla,186.8
759,22-Jun,41,5,late_high,late,high,hyla,139.8
760,22-Jun,43,5,same_med,same,med,hyla,184.5
761,22-Jun,53,6,early_med,early,med,hyla,194.5
762,23-Jun,1,1,early_high,early,high,hyla,135.1
763,23-Jun,2,1,early_med,early,med,hyla,188.3
764,23-Jun,7,1,late_high,late,high,hyla,144.7
765,23-Jun,10,1,cont_high,cont,high,hyla,190.7
766,23-Jun,11,2,early_med,early,med,hyla,167.2
767,23-Jun,20,2,cont_med,cont,med,hyla,189.5
768,23-Jun,35,4,same_med,same,med,hyla,176.7
769,23-Jun,36,4,late_high,late,high,hyla,171.9
770,23-Jun,37,4,early_high,early,high,hyla,230.5
771,23-Jun,39,4,late_med,late,med,hyla,197.7
772,23-Jun,39,4,late_med,late,med,hyla,233.2
773,23-Jun,42,5,early_low,early,low,hyla,209.2
774,23-Jun,45,5,late_low,late,low,hyla,177.1
775,23-Jun,47,5,same_low,same,low,hyla,166.7
776,23-Jun,53,6,early_med,early,med,hyla,215.7
777,23-Jun,56,6,late_high,late,high,hyla,208.5
778,23-Jun,56,6,late_high,late,high,hyla,217.4
779,24-Jun,1,1,early_high,early,high,hyla,NA
780,24-Jun,2,1,early_med,early,med,hyla,NA
781,24-Jun,10,1,cont_high,cont,high,hyla,NA
782,24-Jun,20,2,cont_med,cont,med,hyla,NA
783,24-Jun,24,3,early_med,early,med,hyla,NA
784,24-Jun,33,4,early_low,early,low,hyla,NA
785,24-Jun,43,5,same_med,same,med,hyla,NA
786,24-Jun,50,5,cont_med,cont,med,hyla,NA
787,24-Jun,51,6,late_med,late,med,hyla,222.9
788,24-Jun,54,6,same_high,same,high,hyla,138.7
789,24-Jun,57,6,same_low,same,low,hyla,178.5
790,24-Jun,58,6,same_med,same,med,hyla,162.6
791,25-Jun,11,2,early_med,early,med,hyla,151.2
792,25-Jun,13,2,early_low,early,low,hyla,152.7
793,25-Jun,14,2,same_med,same,med,hyla,138.4
794,25-Jun,17,2,same_high,same,high,hyla,151.2
795,25-Jun,20,2,cont_med,cont,med,hyla,285.6
796,25-Jun,26,3,early_high,early,high,hyla,212
797,25-Jun,33,4,early_low,early,low,hyla,234
798,25-Jun,35,4,same_med,same,med,hyla,259.5
799,25-Jun,35,4,same_med,same,med,hyla,243.6
800,25-Jun,55,6,early_low,early,low,hyla,199.2
801,25-Jun,57,6,same_low,same,low,hyla,NA
802,25-Jun,58,6,same_med,same,med,hyla,198.6
803,26-Jun,1,1,early_high,early,high,hyla,152.6
804,26-Jun,5,1,same_med,same,med,hyla,195.8
805,26-Jun,6,1,same_low,same,low,hyla,198.6
806,26-Jun,10,1,cont_high,cont,high,hyla,148.1
807,26-Jun,10,1,cont_high,cont,high,hyla,148.1
808,26-Jun,14,2,same_med,same,med,hyla,173.6
809,26-Jun,18,2,late_high,late,high,hyla,174.2
810,26-Jun,26,3,early_high,early,high,hyla,234.3
811,26-Jun,32,4,same_low,same,low,hyla,162.2
812,26-Jun,33,4,early_low,early,low,hyla,241.7
813,26-Jun,35,4,same_med,same,med,hyla,175
814,26-Jun,37,4,early_high,early,high,hyla,216.5
815,26-Jun,43,5,same_med,same,med,hyla,177.7
816,26-Jun,44,5,same_high,same,high,hyla,169.3
817,26-Jun,44,5,same_high,same,high,hyla,178.8
818,26-Jun,44,5,same_high,same,high,hyla,166.6
819,26-Jun,47,5,same_low,same,low,hyla,172.9
820,26-Jun,48,5,early_med,early,med,hyla,207.1
821,26-Jun,50,5,cont_med,cont,med,hyla,220.3
822,26-Jun,51,6,late_med,late,med,hyla,202.7
823,26-Jun,58,6,same_med,same,med,hyla,188.1
824,26-Jun,58,6,same_med,same,med,hyla,219.8
825,27-Jun,2,1,early_med,early,med,hyla,155.5
826,27-Jun,3,1,early_low,early,low,hyla,324.9
827,27-Jun,5,1,same_med,same,med,hyla,192.4
828,27-Jun,5,1,same_med,same,med,hyla,139.7
829,27-Jun,7,1,late_high,late,high,hyla,122.2
830,27-Jun,9,1,late_low,late,low,hyla,141
831,27-Jun,12,2,same_low,same,low,hyla,165.6
832,27-Jun,17,2,same_high,same,high,hyla,161.7
833,27-Jun,24,3,early_med,early,med,hyla,221.6
834,27-Jun,24,3,early_med,early,med,hyla,192.8
835,27-Jun,24,3,early_med,early,med,hyla,179.1
837,27-Jun,34,4,same_high,same,high,hyla,192
838,27-Jun,36,4,late_high,late,high,hyla,152.5
839,27-Jun,37,4,early_high,early,high,hyla,NA
840,27-Jun,43,5,same_med,same,med,hyla,204
841,27-Jun,56,6,late_high,late,high,hyla,176.8
842,27-Jun,58,6,same_med,same,med,hyla,209.2
843,27-Jun,58,6,same_med,same,med,hyla,160
844,28-Jun,2,1,early_med,early,med,hyla,145.3
845,28-Jun,2,1,early_med,early,med,hyla,190.6
846,28-Jun,5,1,same_med,same,med,hyla,160
847,28-Jun,11,2,early_med,early,med,hyla,NA
848,28-Jun,12,2,same_low,same,low,hyla,223.8
849,28-Jun,13,2,early_low,early,low,hyla,166.2
850,28-Jun,13,2,early_low,early,low,hyla,184.3
851,28-Jun,16,2,late_med,late,med,hyla,172
852,28-Jun,25,3,same_low,same,low,hyla,222.4
853,28-Jun,26,3,early_high,early,high,hyla,312.6
854,28-Jun,36,4,late_high,late,high,hyla,174.6
855,28-Jun,43,5,same_med,same,med,hyla,237.2
856,28-Jun,45,5,late_low,late,low,hyla,155
857,28-Jun,52,6,early_high,early,high,hyla,190.7
858,28-Jun,53,6,early_med,early,med,hyla,283.8
859,28-Jun,54,6,same_high,same,high,hyla,177
860,28-Jun,54,6,same_high,same,high,hyla,159.2
861,28-Jun,54,6,same_high,same,high,hyla,180
862,29-Jun,6,1,same_low,same,low,hyla,178.2
863,29-Jun,12,2,same_low,same,low,hyla,211.9
864,29-Jun,13,2,early_low,early,low,hyla,198
865,29-Jun,17,2,same_high,same,high,hyla,201.9
866,29-Jun,20,2,cont_med,cont,med,hyla,236
868,29-Jun,32,4,same_low,same,low,hyla,178.6
869,29-Jun,32,4,same_low,same,low,hyla,181.5
870,29-Jun,35,4,same_med,same,med,hyla,191
871,29-Jun,37,4,early_high,early,high,hyla,272.2
872,29-Jun,39,4,late_med,late,med,hyla,218.1
873,29-Jun,44,5,same_high,same,high,hyla,149.9
874,29-Jun,45,5,late_low,late,low,hyla,157.7
875,29-Jun,54,6,same_high,same,high,hyla,NA
876,29-Jun,56,6,late_high,late,high,hyla,214.4
877,30-Jun,2,1,early_med,early,med,hyla,196.4
878,30-Jun,2,1,early_med,early,med,hyla,183.2
879,30-Jun,5,1,same_med,same,med,hyla,172.8
880,30-Jun,6,1,same_low,same,low,hyla,155.3
881,30-Jun,12,2,same_low,same,low,hyla,234.1
882,30-Jun,20,2,cont_med,cont,med,hyla,254.7
883,30-Jun,32,4,same_low,same,low,hyla,192
884,30-Jun,35,4,same_med,same,med,hyla,197.8
885,30-Jun,37,4,early_high,early,high,hyla,304.6
886,30-Jun,37,4,early_high,early,high,hyla,236.8
887,30-Jun,42,5,early_low,early,low,hyla,210.6
888,30-Jun,47,5,same_low,same,low,hyla,NA
889,30-Jun,53,6,early_med,early,med,hyla,259
890,30-Jun,56,6,late_high,late,high,hyla,210.7
891,30-Jun,57,6,same_low,same,low,hyla,264.5
892,1-Jul,2,1,early_med,early,med,hyla,163.5
893,1-Jul,5,1,same_med,same,med,hyla,168.1
894,1-Jul,5,1,same_med,same,med,hyla,245.6
895,1-Jul,6,1,same_low,same,low,hyla,126.5
896,1-Jul,10,1,cont_high,cont,high,hyla,193.3
897,1-Jul,12,2,same_low,same,low,hyla,210.5
898,1-Jul,13,2,early_low,early,low,hyla,206.6
899,1-Jul,14,2,same_med,same,med,hyla,179.4
900,1-Jul,19,2,late_low,late,low,hyla,149.8
901,1-Jul,24,3,early_med,early,med,hyla,213
902,1-Jul,25,3,same_low,same,low,hyla,204.2
903,1-Jul,37,4,early_high,early,high,hyla,245.1
904,1-Jul,51,6,late_med,late,med,hyla,NA
905,1-Jul,54,6,same_high,same,high,hyla,NA
906,2-Jul,1,1,early_high,early,high,hyla,176.4
907,2-Jul,7,1,late_high,late,high,hyla,154.8
908,2-Jul,11,2,early_med,early,med,hyla,194.8
909,2-Jul,19,2,late_low,late,low,hyla,149.5
910,2-Jul,31,4,late_low,late,low,hyla,124.5
911,2-Jul,37,4,early_high,early,high,hyla,260.4
912,2-Jul,44,5,same_high,same,high,hyla,169
913,2-Jul,45,5,late_low,late,low,hyla,220.1
914,30-Jun,52,6,early_high,early,high,hyla,NA
915,3-Jul,6,1,same_low,same,low,hyla,180.1
916,3-Jul,8,1,late_med,late,med,hyla,154.8
917,3-Jul,18,2,late_high,late,high,hyla,NA
918,3-Jul,39,4,late_med,late,med,hyla,217.6
919,3-Jul,43,5,same_med,same,med,hyla,228.1
920,3-Jul,51,6,late_med,late,med,hyla,231.9
921,5-Jul,2,1,early_med,early,med,hyla,149.7
922,5-Jul,2,1,early_med,early,med,hyla,145.5
923,5-Jul,6,1,same_low,same,low,hyla,190.9
924,5-Jul,12,2,same_low,same,low,hyla,223.3
925,5-Jul,13,2,early_low,early,low,hyla,182.5
926,5-Jul,13,2,early_low,early,low,hyla,189.8
927,5-Jul,14,2,same_med,same,med,hyla,196.3
928,5-Jul,19,2,late_low,late,low,hyla,149.1
929,5-Jul,25,3,same_low,same,low,hyla,158.5
930,5-Jul,32,4,same_low,same,low,hyla,156.5
931,5-Jul,34,4,same_high,same,high,hyla,183
932,5-Jul,35,4,same_med,same,med,hyla,161.1
933,5-Jul,39,4,late_med,late,med,hyla,209
934,5-Jul,39,4,late_med,late,med,hyla,201.3
935,5-Jul,39,4,late_med,late,med,hyla,232.8
936,5-Jul,43,5,same_med,same,med,hyla,227.5
937,5-Jul,45,5,late_low,late,low,hyla,209.3
938,5-Jul,45,5,late_low,late,low,hyla,189.4
939,5-Jul,49,5,late_med,late,med,hyla,158.9
940,5-Jul,56,6,late_high,late,high,hyla,272.8
941,5-Jul,57,6,same_low,same,low,hyla,222.5
942,6-Jul,14,2,same_med,same,med,hyla,NA
943,6-Jul,18,2,late_high,late,high,hyla,178
944,6-Jul,18,2,late_high,late,high,hyla,176.4
945,7-Jul,2,1,early_med,early,med,hyla,151.5
946,7-Jul,6,1,same_low,same,low,hyla,215.9
947,7-Jul,18,2,late_high,late,high,hyla,158.8
948,7-Jul,25,3,same_low,same,low,hyla,184.9
950,7-Jul,39,4,late_med,late,med,hyla,229.3
951,7-Jul,43,5,same_med,same,med,hyla,224.5
952,7-Jul,44,5,same_high,same,high,hyla,197.5
953,7-Jul,45,5,late_low,late,low,hyla,199.5
954,7-Jul,54,6,same_high,same,high,hyla,148.1
955,7-Jul,55,6,early_low,early,low,hyla,278.5
956,7-Jul,56,6,late_high,late,high,hyla,298.1
957,7-Jul,56,6,late_high,late,high,hyla,187.2
958,7-Jul,56,6,late_high,late,high,hyla,206.5
959,8-Jul,2,1,early_med,early,med,hyla,188.6
960,8-Jul,5,1,same_med,same,med,hyla,215.4
961,8-Jul,11,2,early_med,early,med,hyla,198.6
962,8-Jul,11,2,early_med,early,med,hyla,158.3
963,8-Jul,11,2,early_med,early,med,hyla,213.4
964,8-Jul,11,2,early_med,early,med,hyla,211.3
965,8-Jul,13,2,early_low,early,low,hyla,207.2
966,8-Jul,13,2,early_low,early,low,hyla,197.9
967,8-Jul,14,2,same_med,same,med,hyla,154.6
968,8-Jul,16,2,late_med,late,med,hyla,120.3
969,8-Jul,17,2,same_high,same,high,hyla,225.2
970,8-Jul,38,4,early_med,early,med,hyla,166.6
971,8-Jul,39,4,late_med,late,med,hyla,226.5
972,8-Jul,43,5,same_med,same,med,hyla,227.7
973,8-Jul,53,6,early_med,early,med,hyla,206.9
974,8-Jul,56,6,late_high,late,high,hyla,225.9
975,9-Jul,10,1,cont_high,cont,high,hyla,213.6
976,9-Jul,11,2,early_med,early,med,hyla,207.9
977,9-Jul,13,2,early_low,early,low,hyla,198.8
978,9-Jul,13,2,early_low,early,low,hyla,253.9
979,9-Jul,14,2,same_med,same,med,hyla,199.9
980,9-Jul,17,2,same_high,same,high,hyla,127.2
981,9-Jul,19,2,late_low,late,low,hyla,220.5
982,9-Jul,23,3,late_low,late,low,hyla,214.8
983,9-Jul,24,3,early_med,early,med,hyla,198.2
984,9-Jul,38,4,early_med,early,med,hyla,232.4
985,9-Jul,39,4,late_med,late,med,hyla,251.8
986,9-Jul,39,4,late_med,late,med,hyla,263.3
987,9-Jul,39,4,late_med,late,med,hyla,255.2
988,9-Jul,43,5,same_med,same,med,hyla,247.4
989,9-Jul,43,5,same_med,same,med,hyla,312
990,9-Jul,43,5,same_med,same,med,hyla,222.7
991,9-Jul,43,5,same_med,same,med,hyla,212
992,9-Jul,53,6,early_med,early,med,hyla,181.1
993,9-Jul,54,6,same_high,same,high,hyla,225.6
994,9-Jul,56,6,late_high,late,high,hyla,209
995,9-Jul,58,6,same_med,same,med,hyla,143.2
996,10-Jul,5,1,same_med,same,med,hyla,190.3
997,10-Jul,12,2,same_low,same,low,hyla,201.4
998,10-Jul,16,2,late_med,late,med,hyla,175.9
999,10-Jul,23,3,late_low,late,low,hyla,199.4
1000,10-Jul,32,4,same_low,same,low,hyla,203.2
1001,10-Jul,35,4,same_med,same,med,hyla,NA
1002,10-Jul,35,4,same_med,same,med,hyla,229.4
1003,10-Jul,39,4,late_med,late,med,hyla,192.5
1004,10-Jul,39,4,late_med,late,med,hyla,220.8
1005,10-Jul,39,4,late_med,late,med,hyla,238.8
1006,10-Jul,44,5,same_high,same,high,hyla,NA
1007,10-Jul,45,5,late_low,late,low,hyla,158.3
1008,10-Jul,46,5,early_high,early,high,hyla,172.5
1009,10-Jul,51,6,late_med,late,med,hyla,141.1
1010,10-Jul,54,6,same_high,same,high,hyla,187.1
1012,11-Jul,6,1,same_low,same,low,hyla,206.6
1013,11-Jul,8,1,late_med,late,med,hyla,175.6
1014,11-Jul,9,1,late_low,late,low,hyla,144.8
1015,11-Jul,14,2,same_med,same,med,hyla,196.4
1016,11-Jul,24,3,early_med,early,med,hyla,196.3
1017,11-Jul,38,4,early_med,early,med,hyla,216.5
1018,11-Jul,39,4,late_med,late,med,hyla,181.8
1019,11-Jul,39,4,late_med,late,med,hyla,225
1020,11-Jul,45,5,late_low,late,low,hyla,180.4
1021,11-Jul,45,5,late_low,late,low,hyla,214.1
1022,11-Jul,54,6,same_high,same,high,hyla,209.2
1023,11-Jul,56,6,late_high,late,high,hyla,251.5
1024,11-Jul,57,6,same_low,same,low,hyla,170.9
1025,12-Jul,1,1,early_high,early,high,hyla,179.2
1026,12-Jul,5,1,same_med,same,med,hyla,175.4
1027,12-Jul,5,1,same_med,same,med,hyla,194.2
1028,12-Jul,10,1,cont_high,cont,high,hyla,155.1
1029,12-Jul,11,2,early_med,early,med,hyla,158.8
1030,12-Jul,12,2,same_low,same,low,hyla,234
1031,12-Jul,13,2,early_low,early,low,hyla,216.3
1032,12-Jul,13,2,early_low,early,low,hyla,230.9
1033,12-Jul,13,2,early_low,early,low,hyla,226
1034,12-Jul,16,2,late_med,late,med,hyla,169.7
1035,12-Jul,19,2,late_low,late,low,hyla,220.4
1036,12-Jul,19,2,late_low,late,low,hyla,178.7
1037,12-Jul,24,3,early_med,early,med,hyla,225.3
1038,12-Jul,24,3,early_med,early,med,hyla,254.6
1039,12-Jul,32,4,same_low,same,low,hyla,190.2
1040,12-Jul,34,4,same_high,same,high,hyla,186.5
1041,12-Jul,34,4,same_high,same,high,hyla,156.5
1042,12-Jul,35,4,same_med,same,med,hyla,166.3
1043,12-Jul,36,4,late_high,late,high,hyla,156.5
1044,12-Jul,37,4,early_high,early,high,hyla,356.7
1045,12-Jul,39,4,late_med,late,med,hyla,226.2
1046,12-Jul,39,4,late_med,late,med,hyla,177.7
1047,12-Jul,43,5,same_med,same,med,hyla,183.1
1048,12-Jul,44,5,same_high,same,high,hyla,225.4
1049,12-Jul,49,5,late_med,late,med,hyla,136.7
1050,12-Jul,52,6,early_high,early,high,hyla,246.9
1051,12-Jul,59,6,late_low,late,low,hyla,168.4
1052,13-Jul,1,1,early_high,early,high,hyla,175.1
1053,13-Jul,1,1,early_high,early,high,hyla,194.6
1054,13-Jul,1,1,early_high,early,high,hyla,183.8
1055,13-Jul,5,1,same_med,same,med,hyla,189.3
1056,13-Jul,7,1,late_high,late,high,hyla,136.7
1057,13-Jul,7,1,late_high,late,high,hyla,153.1
1058,13-Jul,7,1,late_high,late,high,hyla,135.4
1059,13-Jul,10,1,cont_high,cont,high,hyla,198.8
1060,13-Jul,23,3,late_low,late,low,hyla,170.1
1061,13-Jul,34,4,same_high,same,high,hyla,210.7
1062,13-Jul,39,4,late_med,late,med,hyla,251.4
1063,13-Jul,39,4,late_med,late,med,hyla,197.8
1064,13-Jul,44,5,same_high,same,high,hyla,205.1
1065,13-Jul,44,5,same_high,same,high,hyla,232
1066,13-Jul,45,5,late_low,late,low,hyla,212.5
1067,13-Jul,54,6,same_high,same,high,hyla,152.5
1068,13-Jul,56,6,late_high,late,high,hyla,NA
1069,13-Jul,59,6,late_low,late,low,hyla,167.8
1070,13-Jul,59,6,late_low,late,low,hyla,215
1071,14-Jul,2,1,early_med,early,med,hyla,160.6
1072,14-Jul,2,1,early_med,early,med,hyla,236.9
1073,14-Jul,5,1,same_med,same,med,hyla,157.9
1074,14-Jul,6,1,same_low,same,low,hyla,190.8
1075,14-Jul,7,1,late_high,late,high,hyla,180
1076,14-Jul,7,1,late_high,late,high,hyla,159.9
1077,14-Jul,7,1,late_high,late,high,hyla,182.8
1078,14-Jul,13,2,early_low,early,low,hyla,208.5
1079,14-Jul,18,2,late_high,late,high,hyla,157.9
1080,14-Jul,19,2,late_low,late,low,hyla,212.7
1081,14-Jul,35,4,same_med,same,med,hyla,183.3
1082,14-Jul,38,4,early_med,early,med,hyla,184.1
1083,14-Jul,39,4,late_med,late,med,hyla,183.1
1084,14-Jul,43,5,same_med,same,med,hyla,226.3
1085,14-Jul,44,5,same_high,same,high,hyla,196.6
1086,14-Jul,45,5,late_low,late,low,hyla,187.7
1087,14-Jul,51,6,late_med,late,med,hyla,290
1088,14-Jul,56,6,late_high,late,high,hyla,179.2
1089,15-Jul,5,1,same_med,same,med,hyla,184
1090,15-Jul,6,1,same_low,same,low,hyla,169.5
1091,15-Jul,11,2,early_med,early,med,hyla,189.8
1092,15-Jul,11,2,early_med,early,med,hyla,203.2
1093,15-Jul,14,2,same_med,same,med,hyla,191.9
1094,15-Jul,18,2,late_high,late,high,hyla,171.5
1095,15-Jul,34,4,same_high,same,high,hyla,215.2
1096,15-Jul,39,4,late_med,late,med,hyla,216.8
1097,15-Jul,41,5,late_high,late,high,hyla,172.4
1098,15-Jul,45,5,late_low,late,low,hyla,257.5
1099,15-Jul,54,6,same_high,same,high,hyla,190.2
1100,15-Jul,56,6,late_high,late,high,hyla,285.4
1101,15-Jul,56,6,late_high,late,high,hyla,262.1
1102,15-Jul,58,6,same_med,same,med,hyla,149
1103,16-Jul,6,1,same_low,same,low,hyla,150.3
1104,16-Jul,11,2,early_med,early,med,hyla,211.1
1105,16-Jul,13,2,early_low,early,low,hyla,210.7
1106,16-Jul,14,2,same_med,same,med,hyla,193.1
1107,16-Jul,14,2,same_med,same,med,hyla,205.1
1108,16-Jul,34,4,same_high,same,high,hyla,203.8
1109,16-Jul,43,5,same_med,same,med,hyla,130.6
1110,16-Jul,43,5,same_med,same,med,hyla,156.3
1111,16-Jul,45,5,late_low,late,low,hyla,261.1
1112,16-Jul,45,5,late_low,late,low,hyla,272.5
1113,16-Jul,56,6,late_high,late,high,hyla,228.1
1114,16-Jul,59,6,late_low,late,low,hyla,172.3
1115,17-Jul,7,1,late_high,late,high,hyla,154.8
1116,17-Jul,7,1,late_high,late,high,hyla,167.6
1117,17-Jul,7,1,late_high,late,high,hyla,132.8
1118,17-Jul,14,2,same_med,same,med,hyla,198.4
1119,17-Jul,19,2,late_low,late,low,hyla,219.6
1120,17-Jul,35,4,same_med,same,med,hyla,249.8
1121,17-Jul,43,5,same_med,same,med,hyla,157.5
1122,17-Jul,44,5,same_high,same,high,hyla,158.8
1123,17-Jul,45,5,late_low,late,low,hyla,216.9
1124,17-Jul,51,6,late_med,late,med,hyla,269.8
1125,17-Jul,56,6,late_high,late,high,hyla,225.3
1126,18-Jul,1,1,early_high,early,high,hyla,233.7
1127,18-Jul,10,1,cont_high,cont,high,hyla,208
1128,18-Jul,18,2,late_high,late,high,hyla,144.9
1129,18-Jul,19,2,late_low,late,low,hyla,222.9
1130,18-Jul,45,5,late_low,late,low,hyla,201.7
1131,19-Jul,1,1,early_high,early,high,hyla,202.4
1132,19-Jul,11,2,early_med,early,med,hyla,202.6
1133,19-Jul,11,2,early_med,early,med,hyla,217.9
1134,19-Jul,13,2,early_low,early,low,hyla,252.2
1135,19-Jul,13,2,early_low,early,low,hyla,303.9
1136,19-Jul,34,4,same_high,same,high,hyla,189.4
1137,19-Jul,34,4,same_high,same,high,hyla,161.2
1138,19-Jul,44,5,same_high,same,high,hyla,154.2
1139,19-Jul,54,6,same_high,same,high,hyla,159.5
1140,19-Jul,56,6,late_high,late,high,hyla,218.6
1141,20-Jul,10,1,cont_high,cont,high,hyla,162.9
1142,20-Jul,17,2,same_high,same,high,hyla,151.2
1143,20-Jul,43,5,same_med,same,med,hyla,177.8
1144,21-Jul,5,1,same_med,same,med,hyla,146.1
1145,21-Jul,7,1,late_high,late,high,hyla,159.2
1146,21-Jul,11,2,early_med,early,med,hyla,213.7
1147,21-Jul,11,2,early_med,early,med,hyla,225.8
1148,21-Jul,19,2,late_low,late,low,hyla,179.1
1149,21-Jul,21,3,same_med,same,med,hyla,229.9
1150,21-Jul,43,5,same_med,same,med,hyla,165.3
1151,21-Jul,43,5,same_med,same,med,hyla,212.7
1152,21-Jul,44,5,same_high,same,high,hyla,178.8
1153,21-Jul,45,5,late_low,late,low,hyla,272.2
1154,21-Jul,56,6,late_high,late,high,hyla,226.7
1155,21-Jul,56,6,late_high,late,high,hyla,256
1156,22-Jul,1,1,early_high,early,high,hyla,249.5
1157,22-Jul,14,2,same_med,same,med,hyla,191.6
1158,22-Jul,19,2,late_low,late,low,hyla,206.6
1159,22-Jul,19,2,late_low,late,low,hyla,206.3
1160,22-Jul,41,5,late_high,late,high,hyla,189.1
1161,24-Jul,1,1,early_high,early,high,hyla,204
1162,24-Jul,2,1,early_med,early,med,hyla,NA
1163,24-Jul,10,1,cont_high,cont,high,hyla,228.1
1164,24-Jul,13,2,early_low,early,low,hyla,382.1
1165,24-Jul,19,2,late_low,late,low,hyla,250.4
1166,24-Jul,34,4,same_high,same,high,hyla,NA
1167,24-Jul,59,6,late_low,late,low,hyla,239.9
1168,25-Jul,4,1,same_high,same,high,hyla,NA
1169,25-Jul,8,1,late_med,late,med,hyla,162.8
1170,25-Jul,11,2,early_med,early,med,hyla,271.5
1171,25-Jul,17,2,same_high,same,high,hyla,230.5
1172,25-Jul,28,3,late_high,late,high,hyla,NA
1173,26-Jul,1,1,early_high,early,high,hyla,208.9
1174,26-Jul,7,1,late_high,late,high,hyla,156.6
1175,26-Jul,7,1,late_high,late,high,hyla,194.7
1176,26-Jul,10,1,cont_high,cont,high,hyla,195.7
1177,26-Jul,17,2,same_high,same,high,hyla,188.1
1178,26-Jul,19,2,late_low,late,low,hyla,206.4
1179,26-Jul,19,2,late_low,late,low,hyla,275.5
1180,26-Jul,54,6,same_high,same,high,hyla,211.4
1181,26-Jul,56,6,late_high,late,high,hyla,295.9
1182,27-Jul,10,1,cont_high,cont,high,hyla,197.3
1183,27-Jul,19,2,late_low,late,low,hyla,274.9
1184,27-Jul,19,2,late_low,late,low,hyla,239.9
1185,27-Jul,27,3,late_med,late,med,hyla,211.3
1186,28-Jul,5,1,same_med,same,med,hyla,169.7
1187,28-Jul,11,2,early_med,early,med,hyla,NA
1188,28-Jul,11,2,early_med,early,med,hyla,236.1
1189,28-Jul,18,2,late_high,late,high,hyla,140.2
1190,28-Jul,19,2,late_low,late,low,hyla,212.5
1191,28-Jul,28,3,late_high,late,high,hyla,246.3
1192,28-Jul,36,4,late_high,late,high,hyla,205.2
1194,29-Jul,11,2,early_med,early,med,hyla,257.2
1195,29-Jul,14,2,same_med,same,med,hyla,233.9
1196,29-Jul,18,2,late_high,late,high,hyla,NA
1197,29-Jul,19,2,late_low,late,low,hyla,216.5
1198,30-Jul,4,1,same_high,same,high,hyla,NA
1199,30-Jul,9,1,late_low,late,low,hyla,215.1
1200,30-Jul,41,5,late_high,late,high,hyla,187.5
1201,30-Jul,56,6,late_high,late,high,hyla,267.3
1202,30-Jul,58,6,same_med,same,med,hyla,161.1
1203,31-Jul,1,1,early_high,early,high,hyla,249.1
1204,31-Jul,5,1,same_med,same,med,hyla,145.4
1205,31-Jul,11,2,early_med,early,med,hyla,209.6
1206,31-Jul,27,3,late_med,late,med,hyla,NA
1207,31-Jul,41,5,late_high,late,high,hyla,155.6
1209,1-Aug,1,1,early_high,early,high,hyla,220.3
1210,1-Aug,7,1,late_high,late,high,hyla,185.1
1211,1-Aug,11,2,early_med,early,med,hyla,269.8
1212,1-Aug,16,2,late_med,late,med,hyla,NA
1213,1-Aug,28,3,late_high,late,high,hyla,221.1
1214,1-Aug,41,5,late_high,late,high,hyla,201.6
1215,1-Aug,49,5,late_med,late,med,hyla,182.9
1216,2-Aug,2,1,early_med,early,med,hyla,211.8
1217,2-Aug,7,1,late_high,late,high,hyla,153.3
1218,2-Aug,8,1,late_med,late,med,hyla,207.2
1219,2-Aug,9,1,late_low,late,low,hyla,235.5
1220,2-Aug,11,2,early_med,early,med,hyla,326.6
1221,2-Aug,17,2,same_high,same,high,hyla,188.2
1222,2-Aug,19,2,late_low,late,low,hyla,NA
1223,2-Aug,19,2,late_low,late,low,hyla,282
1224,2-Aug,28,3,late_high,late,high,hyla,194.5
1225,2-Aug,47,5,same_low,same,low,hyla,246.6
1226,3-Aug,10,1,cont_high,cont,high,hyla,226.5
1227,3-Aug,11,2,early_med,early,med,hyla,384.5
1228,3-Aug,11,2,early_med,early,med,hyla,236.6
1229,3-Aug,13,2,early_low,early,low,hyla,307.1
1230,3-Aug,14,2,same_med,same,med,hyla,140.8
1231,3-Aug,18,2,late_high,late,high,hyla,230.7
1232,3-Aug,21,3,same_med,same,med,hyla,256
1233,3-Aug,56,6,late_high,late,high,hyla,293.6
1234,4-Aug,2,1,early_med,early,med,hyla,199.6
1235,4-Aug,9,1,late_low,late,low,hyla,251
1236,4-Aug,11,2,early_med,early,med,hyla,310.7
1237,4-Aug,14,2,same_med,same,med,hyla,218.4
1238,4-Aug,27,3,late_med,late,med,hyla,305.2
1239,4-Aug,35,4,same_med,same,med,hyla,184.6
1240,4-Aug,36,4,late_high,late,high,hyla,233.4
1241,4-Aug,36,4,late_high,late,high,hyla,229.1
1242,4-Aug,36,4,late_high,late,high,hyla,NA
1243,4-Aug,49,5,late_med,late,med,hyla,152.9
1244,4-Aug,49,5,late_med,late,med,hyla,210.5
1245,5-Aug,19,2,late_low,late,low,hyla,340.4
1246,5-Aug,35,4,same_med,same,med,hyla,276.7
1247,5-Aug,36,4,late_high,late,high,hyla,213.6
1249,6-Aug,1,1,early_high,early,high,hyla,263.3
1250,6-Aug,2,1,early_med,early,med,hyla,257.8
1251,6-Aug,5,1,same_med,same,med,hyla,180.2
1252,6-Aug,5,1,same_med,same,med,hyla,364.9
1253,6-Aug,6,1,same_low,same,low,hyla,212.6
1254,6-Aug,8,1,late_med,late,med,hyla,254.6
1255,6-Aug,8,1,late_med,late,med,hyla,222.1
1256,6-Aug,9,1,late_low,late,low,hyla,272.2
1257,6-Aug,15,2,early_high,early,high,hyla,181.5
1258,6-Aug,17,2,same_high,same,high,hyla,267.2
1259,6-Aug,35,4,same_med,same,med,hyla,209.1
1260,6-Aug,36,4,late_high,late,high,hyla,245.7
1261,6-Aug,36,4,late_high,late,high,hyla,253
1262,7-Aug,4,1,same_high,same,high,hyla,250.6
1263,7-Aug,9,1,late_low,late,low,hyla,258.3
1264,7-Aug,14,2,same_med,same,med,hyla,170.1
1265,7-Aug,14,2,same_med,same,med,hyla,236.5
1266,7-Aug,36,4,late_high,late,high,hyla,295.6
1267,7-Aug,56,6,late_high,late,high,hyla,320.7
1268,8-Aug,5,1,same_med,same,med,hyla,NA
1269,8-Aug,7,1,late_high,late,high,hyla,176.8
1270,8-Aug,8,1,late_med,late,med,hyla,255.2
1271,8-Aug,17,2,same_high,same,high,hyla,262.2
1272,8-Aug,18,2,late_high,late,high,hyla,275.4
1273,8-Aug,49,5,late_med,late,med,hyla,195.8
1274,8-Aug,56,6,late_high,late,high,hyla,248.8
1275,9-Aug,4,1,same_high,same,high,hyla,227.9
1276,9-Aug,7,1,late_high,late,high,hyla,196.5
1277,9-Aug,10,1,cont_high,cont,high,hyla,242.6
1278,9-Aug,12,2,same_low,same,low,hyla,232.8
1279,9-Aug,17,2,same_high,same,high,hyla,226.1
1280,9-Aug,27,3,late_med,late,med,hyla,280.3
1281,10-Aug,1,1,early_high,early,high,hyla,231.5
1282,10-Aug,2,1,early_med,early,med,hyla,214.5
1283,10-Aug,5,1,same_med,same,med,hyla,204.2
1284,10-Aug,5,1,same_med,same,med,hyla,183.6
1285,10-Aug,7,1,late_high,late,high,hyla,193.3
1286,10-Aug,8,1,late_med,late,med,hyla,234.1
1287,10-Aug,17,2,same_high,same,high,hyla,167.7
1288,10-Aug,49,5,late_med,late,med,hyla,188.3
1289,11-Aug,8,1,late_med,late,med,hyla,NA
1290,11-Aug,16,2,late_med,late,med,hyla,NA
1291,11-Aug,17,2,same_high,same,high,hyla,NA
1292,11-Aug,19,2,late_low,late,low,hyla,NA
1293,11-Aug,31,4,late_low,late,low,hyla,155
1294,11-Aug,36,4,late_high,late,high,hyla,190.3
1295,11-Aug,41,5,late_high,late,high,hyla,NA
1296,11-Aug,43,5,same_med,same,med,hyla,222.6
1297,11-Aug,49,5,late_med,late,med,hyla,NA
1298,11-Aug,49,5,late_med,late,med,hyla,164.6
1299,12-Aug,1,1,early_high,early,high,hyla,241.3
1300,12-Aug,9,1,late_low,late,low,hyla,158.5
1301,12-Aug,17,2,same_high,same,high,hyla,NA
1302,12-Aug,17,2,same_high,same,high,hyla,155.5
1303,12-Aug,19,2,late_low,late,low,hyla,285.4
1304,12-Aug,19,2,late_low,late,low,hyla,212.8
1305,12-Aug,31,4,late_low,late,low,hyla,224.2
1306,12-Aug,36,4,late_high,late,high,hyla,235.7
1307,12-Aug,36,4,late_high,late,high,hyla,230.7
1308,12-Aug,41,5,late_high,late,high,hyla,214.6
1309,13-Aug,1,1,early_high,early,high,hyla,318.6
1310,13-Aug,16,2,late_med,late,med,hyla,199
1311,13-Aug,31,4,late_low,late,low,hyla,201.2
1312,13-Aug,36,4,late_high,late,high,hyla,NA
1313,14-Aug,5,1,same_med,same,med,hyla,191.7
1314,14-Aug,17,2,same_high,same,high,hyla,184.3
1315,14-Aug,21,3,same_med,same,med,hyla,274.3
1316,14-Aug,36,4,late_high,late,high,hyla,NA
1317,15-Aug,8,1,late_med,late,med,hyla,208
1318,15-Aug,8,1,late_med,late,med,hyla,201.7
1319,15-Aug,9,1,late_low,late,low,hyla,196.3
1320,15-Aug,16,2,late_med,late,med,hyla,180
1321,15-Aug,23,3,late_low,late,low,hyla,231.7
1322,15-Aug,27,3,late_med,late,med,hyla,347.4
1323,15-Aug,38,4,early_med,early,med,hyla,269.2
1324,15-Aug,41,5,late_high,late,high,hyla,209.7
1325,15-Aug,41,5,late_high,late,high,hyla,189
1326,16-Aug,7,1,late_high,late,high,hyla,234.3
1327,16-Aug,9,1,late_low,late,low,hyla,182.5
1328,16-Aug,14,2,same_med,same,med,hyla,209.9
1329,16-Aug,14,2,same_med,same,med,hyla,231.9
1330,16-Aug,18,2,late_high,late,high,hyla,145.9
1331,16-Aug,31,4,late_low,late,low,hyla,239.1
1332,16-Aug,32,4,same_low,same,low,hyla,173.3
1333,16-Aug,49,5,late_med,late,med,hyla,155.3
1334,17-Aug,8,1,late_med,late,med,hyla,238
1335,17-Aug,8,1,late_med,late,med,hyla,268.6
1336,17-Aug,41,5,late_high,late,high,hyla,180.2
1337,17-Aug,49,5,late_med,late,med,hyla,164.4
1338,18-Aug,7,1,late_high,late,high,hyla,205.8
1339,18-Aug,8,1,late_med,late,med,hyla,193.7
1340,18-Aug,14,2,same_med,same,med,hyla,172.5
1341,18-Aug,39,4,late_med,late,med,hyla,149.4
1342,19-Aug,2,1,early_med,early,med,hyla,NA
1343,19-Aug,7,1,late_high,late,high,hyla,180.7
1344,19-Aug,7,1,late_high,late,high,hyla,209.6
1345,19-Aug,8,1,late_med,late,med,hyla,216.6
1346,19-Aug,49,5,late_med,late,med,hyla,228.5
1347,20-Aug,7,1,late_high,late,high,hyla,255
1348,20-Aug,41,5,late_high,late,high,hyla,195.4
1349,21-Aug,4,1,same_high,same,high,hyla,169.2
1350,21-Aug,4,1,same_high,same,high,hyla,166.8
1351,21-Aug,18,2,late_high,late,high,hyla,190.7
1352,21-Aug,19,2,late_low,late,low,hyla,NA
1353,21-Aug,19,2,late_low,late,low,hyla,210.2
1354,21-Aug,21,3,same_med,same,med,hyla,257
1355,21-Aug,22,3,same_high,same,high,hyla,167.7
1356,21-Aug,41,5,late_high,late,high,hyla,219.5
1357,22-Aug,31,4,late_low,late,low,hyla,182.9
1358,23-Aug,1,1,early_high,early,high,hyla,231.5
1359,23-Aug,15,2,early_high,early,high,hyla,NA
1360,23-Aug,49,5,late_med,late,med,hyla,NA
1363,26-Aug,4,1,same_high,same,high,hyla,211.7
1364,26-Aug,15,2,early_high,early,high,hyla,243
1365,26-Aug,31,4,late_low,late,low,hyla,247.7
1367,27-Aug,7,1,late_high,late,high,hyla,232.4
1368,27-Aug,21,3,same_med,same,med,hyla,211.4
1369,27-Aug,31,4,late_low,late,low,hyla,240.4
1370,28-Aug,8,1,late_med,late,med,hyla,NA
1371,29-Aug,5,1,same_med,same,med,hyla,201.8
1372,29-Aug,27,3,late_med,late,med,hyla,375
1373,29-Aug,27,3,late_med,late,med,hyla,NA
1374,29-Aug,41,5,late_high,late,high,hyla,244.4
1375,30-Aug,31,4,late_low,late,low,hyla,236
1376,31-Aug,1,1,early_high,early,high,hyla,186.6
1377,31-Aug,27,3,late_med,late,med,hyla,427
1378,1-Sep,31,4,late_low,late,low,hyla,231.1
1380,2-Sep,5,1,same_med,same,med,hyla,230.5
1381,2-Sep,8,1,late_med,late,med,hyla,205.4
1382,4-Sep,4,1,same_high,same,high,hyla,238.7
1383,4-Sep,8,1,late_med,late,med,hyla,239.8
1384,4-Sep,8,1,late_med,late,med,hyla,227.2
1385,4-Sep,15,2,early_high,early,high,hyla,240.6
1386,4-Sep,22,3,same_high,same,high,hyla,125.9
1387,4-Sep,28,3,late_high,late,high,hyla,178.3
1388,4-Sep,44,5,same_high,same,high,hyla,226.3
1389,5-Sep,4,1,same_high,same,high,hyla,192.1
1390,5-Sep,34,4,same_high,same,high,hyla,348.6
1391,6-Sep,4,1,same_high,same,high,hyla,233.7
1392,6-Sep,34,4,same_high,same,high,hyla,234.4
1393,6-Sep,59,6,late_low,late,low,hyla,217.8
1394,6-Sep,59,6,late_low,late,low,hyla,321.9
1395,7-Sep,23,3,late_low,late,low,hyla,226.8
1396,7-Sep,59,6,late_low,late,low,hyla,427.7
1397,10-Sep,16,2,late_med,late,med,hyla,212.7
1398,10-Sep,28,3,late_high,late,high,hyla,247.8
1399,10-Sep,36,4,late_high,late,high,hyla,218.3
1400,11-Sep,34,4,same_high,same,high,hyla,245
1401,11-Sep,54,6,same_high,same,high,hyla,179.4
1402,12-Sep,8,1,late_med,late,med,hyla,192.1
1403,12-Sep,49,5,late_med,late,med,hyla,198.2
1404,14-Sep,28,3,late_high,late,high,hyla,197.1
